<?xml version = '1.0' encoding = 'UTF-8'?>
<Entity class="oracle.dbtools.crest.model.design.logical.Entity" directorySegmentName="seg_0" id="2CAC2716-12DC-7555-F237-3D2D3A911890" name="DETALLE_CLIENTE">
<createdBy>sebastianolaveyanez</createdBy>
<createdTime>2024-09-03 00:46:03 UTC</createdTime>
<ownerDesignName>BBDD2</ownerDesignName>
<engineerTo>
<item key="2EFBC7C4-68FB-BDA1-8490-DD55EFBFCCB0" value="true"/>
</engineerTo>
<adequatelyNormalized>NO</adequatelyNormalized>
<expectedVolumes>0</expectedVolumes>
<fwdEngineeringStrategyName>Single Table</fwdEngineeringStrategyName>
<growthPercent>0</growthPercent>
<growthType>Year</growthType>
<maxVolumes>9999999</maxVolumes>
<minVolumes>0</minVolumes>
<normalForm>Third</normalForm>
<attributes itemClass="oracle.dbtools.crest.model.design.logical.Attribute">
<Attribute name="ID_Cliente" id="8553552D-2717-FBA1-07FD-09F652058AD6">
<createdBy>sebastianolaveyanez</createdBy>
<createdTime>2024-09-03 00:46:23 UTC</createdTime>
<ownerDesignName>BBDD2</ownerDesignName>
<engineerTo>
<item key="2EFBC7C4-68FB-BDA1-8490-DD55EFBFCCB0" value="true"/>
</engineerTo>
<useDomainConstraints>false</useDomainConstraints>
<use>1</use>
<logicalDatatype>LOGDT011</logicalDatatype>
<ownDataTypeParameters>,,</ownDataTypeParameters>
</Attribute>
<Attribute name="Domicilio" id="BECE849B-170C-068B-5D68-B22F19577288">
<createdBy>sebastianolaveyanez</createdBy>
<createdTime>2024-09-03 00:47:56 UTC</createdTime>
<ownerDesignName>BBDD2</ownerDesignName>
<engineerTo>
<item key="2EFBC7C4-68FB-BDA1-8490-DD55EFBFCCB0" value="true"/>
</engineerTo>
<useDomainConstraints>false</useDomainConstraints>
<use>1</use>
<logicalDatatype>LOGDT024</logicalDatatype>
<dataTypeSize>20 BYTE</dataTypeSize>
<ownDataTypeParameters>20 BYTE,,</ownDataTypeParameters>
</Attribute>
<Attribute name="Teléfono" id="6AF15CEB-4B13-C396-35A7-47A148D1460A">
<createdBy>sebastianolaveyanez</createdBy>
<createdTime>2024-09-03 00:48:41 UTC</createdTime>
<ownerDesignName>BBDD2</ownerDesignName>
<engineerTo>
<item key="2EFBC7C4-68FB-BDA1-8490-DD55EFBFCCB0" value="true"/>
</engineerTo>
<useDomainConstraints>false</useDomainConstraints>
<use>1</use>
<logicalDatatype>LOGDT019</logicalDatatype>
<dataTypePrecision>12</dataTypePrecision>
<ownDataTypeParameters>,12,</ownDataTypeParameters>
</Attribute>
<Attribute name="Correo_Electrónico" id="FB098E38-ABCC-85FE-B820-F41EF79ADD58">
<createdBy>sebastianolaveyanez</createdBy>
<createdTime>2024-09-03 00:49:19 UTC</createdTime>
<ownerDesignName>BBDD2</ownerDesignName>
<engineerTo>
<item key="2EFBC7C4-68FB-BDA1-8490-DD55EFBFCCB0" value="true"/>
</engineerTo>
<useDomainConstraints>false</useDomainConstraints>
<use>1</use>
<logicalDatatype>LOGDT024</logicalDatatype>
<dataTypeSize>20 BYTE</dataTypeSize>
<ownDataTypeParameters>20 BYTE,,</ownDataTypeParameters>
</Attribute>
<Attribute name="RUT_Cliente" id="A7CDA0EE-870F-523A-FDFC-7D69AC670139">
<createdBy>sebastianolaveyanez</createdBy>
<createdTime>2024-09-03 00:52:42 UTC</createdTime>
<generatorID>CCE77606-20BB-EAA9-638B-DCEDB46CD579</generatorID>
<ownerDesignName>BBDD2</ownerDesignName>
<engineerTo>
<item key="2EFBC7C4-68FB-BDA1-8490-DD55EFBFCCB0" value="true"/>
</engineerTo>
<referedAttribute>AE20A982-D209-6C25-FAEC-6BF09A86DA47</referedAttribute>
<useDomainConstraints>false</useDomainConstraints>
<use>1</use>
<logicalDatatype>LOGDT024</logicalDatatype>
<dataTypeSize>10 BYTE</dataTypeSize>
<ownDataTypeParameters>,,</ownDataTypeParameters>
</Attribute>
</attributes>
<identifiers itemClass="oracle.dbtools.crest.model.design.logical.CandidateKey">
<identifier id="317FCD84-3E52-43F3-6632-D00A4B2108A8" name="DETALLE_CLIENTE PK">
<createdBy>sebastianolaveyanez</createdBy>
<createdTime>2024-09-03 00:47:36 UTC</createdTime>
<ownerDesignName>BBDD2</ownerDesignName>
<engineerTo>
<item key="2EFBC7C4-68FB-BDA1-8490-DD55EFBFCCB0" value="true"/>
</engineerTo>
<pk>true</pk>
<usedAttributes>
<attributeRef>8553552D-2717-FBA1-07FD-09F652058AD6</attributeRef>
</usedAttributes>
</identifier>
</identifiers>
</Entity>