<?xml version = '1.0' encoding = 'UTF-8'?>
<Entity class="oracle.dbtools.crest.model.design.logical.Entity" directorySegmentName="seg_0" id="6909B063-1338-7F5B-DAF1-CBCDC5CCD3CB" name="ORDEN_ATENCION">
<createdBy>sebastianolaveyanez</createdBy>
<createdTime>2024-09-03 01:07:11 UTC</createdTime>
<ownerDesignName>BBDD2</ownerDesignName>
<engineerTo>
<item key="2EFBC7C4-68FB-BDA1-8490-DD55EFBFCCB0" value="true"/>
</engineerTo>
<adequatelyNormalized>NO</adequatelyNormalized>
<expectedVolumes>0</expectedVolumes>
<fwdEngineeringStrategyName>Single Table</fwdEngineeringStrategyName>
<growthPercent>0</growthPercent>
<growthType>Year</growthType>
<maxVolumes>9999999</maxVolumes>
<minVolumes>0</minVolumes>
<normalForm>Third</normalForm>
<attributes itemClass="oracle.dbtools.crest.model.design.logical.Attribute">
<Attribute name="Numero_Orden_Atención" id="1622518D-77B3-53B6-49AE-52433D86F406">
<createdBy>sebastianolaveyanez</createdBy>
<createdTime>2024-09-03 01:07:41 UTC</createdTime>
<ownerDesignName>BBDD2</ownerDesignName>
<engineerTo>
<item key="2EFBC7C4-68FB-BDA1-8490-DD55EFBFCCB0" value="true"/>
</engineerTo>
<useDomainConstraints>false</useDomainConstraints>
<use>1</use>
<logicalDatatype>LOGDT011</logicalDatatype>
<ownDataTypeParameters>,,</ownDataTypeParameters>
</Attribute>
<Attribute name="Fecha_Creación" id="DBF5A52C-7B88-881C-0C3D-ECE2D5C95833">
<createdBy>sebastianolaveyanez</createdBy>
<createdTime>2024-09-03 01:08:36 UTC</createdTime>
<ownerDesignName>BBDD2</ownerDesignName>
<engineerTo>
<item key="2EFBC7C4-68FB-BDA1-8490-DD55EFBFCCB0" value="true"/>
</engineerTo>
<useDomainConstraints>false</useDomainConstraints>
<use>1</use>
<logicalDatatype>LOGDT007</logicalDatatype>
<ownDataTypeParameters>,,</ownDataTypeParameters>
</Attribute>
<Attribute name="RUT_Cliente" id="BB889F5A-2ABD-21E3-2B15-AAC887DCCFBA">
<createdBy>sebastianolaveyanez</createdBy>
<createdTime>2024-09-03 01:17:19 UTC</createdTime>
<generatorID>7004D874-02E7-6CA2-D86C-034F43F3D955</generatorID>
<ownerDesignName>BBDD2</ownerDesignName>
<engineerTo>
<item key="2EFBC7C4-68FB-BDA1-8490-DD55EFBFCCB0" value="true"/>
</engineerTo>
<referedAttribute>AE20A982-D209-6C25-FAEC-6BF09A86DA47</referedAttribute>
<useDomainConstraints>false</useDomainConstraints>
<use>1</use>
<logicalDatatype>LOGDT024</logicalDatatype>
<dataTypeSize>10 BYTE</dataTypeSize>
<ownDataTypeParameters>,,</ownDataTypeParameters>
</Attribute>
<Attribute name="Numero_Orden_Trabajo" id="89E1DA5E-5709-DAE4-763A-FC081F37BA90">
<createdBy>sebastianolaveyanez</createdBy>
<createdTime>2024-09-03 01:21:05 UTC</createdTime>
<generatorID>60E0DEA3-D702-D4B6-C3F9-59B6B18209AA</generatorID>
<ownerDesignName>BBDD2</ownerDesignName>
<engineerTo>
<item key="2EFBC7C4-68FB-BDA1-8490-DD55EFBFCCB0" value="true"/>
</engineerTo>
<referedAttribute>989EC772-9992-448E-287B-028B2BA64DAD</referedAttribute>
<useDomainConstraints>false</useDomainConstraints>
<use>1</use>
<logicalDatatype>LOGDT011</logicalDatatype>
<ownDataTypeParameters>,,</ownDataTypeParameters>
</Attribute>
<Attribute name="ID_Seguimiento" id="783C6063-6EF3-C4FB-DD68-79B71D0E1696">
<createdBy>sebastianolaveyanez</createdBy>
<createdTime>2024-09-03 01:23:05 UTC</createdTime>
<generatorID>42FF04D7-3A55-A34B-7140-F80A2441E0CC</generatorID>
<ownerDesignName>BBDD2</ownerDesignName>
<engineerTo>
<item key="2EFBC7C4-68FB-BDA1-8490-DD55EFBFCCB0" value="true"/>
</engineerTo>
<referedAttribute>D3EB294A-C5CB-1C26-ADD4-C4839D6AA2C2</referedAttribute>
<useDomainConstraints>false</useDomainConstraints>
<use>1</use>
<logicalDatatype>LOGDT011</logicalDatatype>
<ownDataTypeParameters>,,</ownDataTypeParameters>
</Attribute>
</attributes>
<identifiers itemClass="oracle.dbtools.crest.model.design.logical.CandidateKey">
<identifier id="7DF98F8D-0ACA-937F-FCA8-78E39F3359E5" name="ORDEN_ATENCION PK">
<createdBy>sebastianolaveyanez</createdBy>
<createdTime>2024-09-03 01:08:29 UTC</createdTime>
<ownerDesignName>BBDD2</ownerDesignName>
<engineerTo>
<item key="2EFBC7C4-68FB-BDA1-8490-DD55EFBFCCB0" value="true"/>
</engineerTo>
<pk>true</pk>
<usedAttributes>
<attributeRef>1622518D-77B3-53B6-49AE-52433D86F406</attributeRef>
</usedAttributes>
</identifier>
</identifiers>
</Entity>