<?xml version = '1.0' encoding = 'UTF-8'?>
<Entity class="oracle.dbtools.crest.model.design.logical.Entity" directorySegmentName="seg_0" id="EF84E24C-1CF4-C694-85D3-EFDEF71CEE21" name="ORDEN_TRABAJO">
<createdBy>sebastianolaveyanez</createdBy>
<createdTime>2024-09-03 01:02:35 UTC</createdTime>
<ownerDesignName>BBDD2</ownerDesignName>
<engineerTo>
<item key="2EFBC7C4-68FB-BDA1-8490-DD55EFBFCCB0" value="true"/>
</engineerTo>
<adequatelyNormalized>NO</adequatelyNormalized>
<expectedVolumes>0</expectedVolumes>
<fwdEngineeringStrategyName>Single Table</fwdEngineeringStrategyName>
<growthPercent>0</growthPercent>
<growthType>Year</growthType>
<maxVolumes>9999999</maxVolumes>
<minVolumes>0</minVolumes>
<normalForm>Third</normalForm>
<attributes itemClass="oracle.dbtools.crest.model.design.logical.Attribute">
<Attribute name="Numero_Orden_Trabajo" id="989EC772-9992-448E-287B-028B2BA64DAD">
<createdBy>sebastianolaveyanez</createdBy>
<createdTime>2024-09-03 01:02:49 UTC</createdTime>
<ownerDesignName>BBDD2</ownerDesignName>
<engineerTo>
<item key="2EFBC7C4-68FB-BDA1-8490-DD55EFBFCCB0" value="true"/>
</engineerTo>
<useDomainConstraints>false</useDomainConstraints>
<use>1</use>
<logicalDatatype>LOGDT011</logicalDatatype>
<ownDataTypeParameters>,,</ownDataTypeParameters>
</Attribute>
<Attribute name="Numero_Orden_Atención" id="1610EFF9-EA5C-21A0-76E5-CCC50050FA7B">
<createdBy>sebastianolaveyanez</createdBy>
<createdTime>2024-09-03 01:20:55 UTC</createdTime>
<generatorID>60E0DEA3-D702-D4B6-C3F9-59B6B18209AA</generatorID>
<ownerDesignName>BBDD2</ownerDesignName>
<engineerTo>
<item key="2EFBC7C4-68FB-BDA1-8490-DD55EFBFCCB0" value="true"/>
</engineerTo>
<referedAttribute>1622518D-77B3-53B6-49AE-52433D86F406</referedAttribute>
<useDomainConstraints>false</useDomainConstraints>
<use>1</use>
<logicalDatatype>LOGDT011</logicalDatatype>
<ownDataTypeParameters>,,</ownDataTypeParameters>
</Attribute>
<Attribute name="Patente_Vehiculo" id="4B962027-1A75-82B4-322E-7C128FF83065">
<createdBy>sebastianolaveyanez</createdBy>
<createdTime>2024-09-03 01:54:16 UTC</createdTime>
<generatorID>A0C0CE36-1F70-76F1-E322-EBEE9B9619C2</generatorID>
<ownerDesignName>BBDD2</ownerDesignName>
<engineerTo>
<item key="2EFBC7C4-68FB-BDA1-8490-DD55EFBFCCB0" value="true"/>
</engineerTo>
<referedAttribute>CD15B2C0-A11C-B3E5-31CD-8E6B8D866DEA</referedAttribute>
<useDomainConstraints>false</useDomainConstraints>
<use>1</use>
<logicalDatatype>LOGDT024</logicalDatatype>
<dataTypeSize>11 BYTE</dataTypeSize>
<ownDataTypeParameters>,,</ownDataTypeParameters>
</Attribute>
</attributes>
<identifiers itemClass="oracle.dbtools.crest.model.design.logical.CandidateKey">
<identifier id="8B68E252-5E30-3DBE-3941-B8B1DBE2DA35" name="ORDEN_TRABAJO PK">
<createdBy>sebastianolaveyanez</createdBy>
<createdTime>2024-09-03 01:03:02 UTC</createdTime>
<ownerDesignName>BBDD2</ownerDesignName>
<engineerTo>
<item key="2EFBC7C4-68FB-BDA1-8490-DD55EFBFCCB0" value="true"/>
</engineerTo>
<pk>true</pk>
<usedAttributes>
<attributeRef>989EC772-9992-448E-287B-028B2BA64DAD</attributeRef>
</usedAttributes>
</identifier>
</identifiers>
</Entity>