<?xml version = '1.0' encoding = 'UTF-8'?>
<Relation class="oracle.dbtools.crest.model.design.logical.Relation" name="Relation_2" directorySegmentName="seg_0" id="0B4F0242-99D6-A87A-3DAB-72E886CD9610">
<createdBy>sebastianolaveyanez</createdBy>
<createdTime>2024-09-03 01:14:56 UTC</createdTime>
<ownerDesignName>BBDD2</ownerDesignName>
<engineerTo>
<item key="2EFBC7C4-68FB-BDA1-8490-DD55EFBFCCB0" value="true"/>
</engineerTo>
<sourcePk>317FCD84-3E52-43F3-6632-D00A4B2108A8</sourcePk>
<identifying>false</identifying>
<optionalSource>false</optionalSource>
<optionalTarget>false</optionalTarget>
<sourceCardinality>1</sourceCardinality>
<sourceEntity>2CAC2716-12DC-7555-F237-3D2D3A911890</sourceEntity>
<targetCardinalityString>*</targetCardinalityString>
<targetEntity>350D96E1-0D5F-B029-FDA1-EC85C74C85CC</targetEntity>
<transferable>true</transferable>
<deleteRule>NO ACTION</deleteRule>
</Relation>