<?xml version = '1.0' encoding = 'UTF-8'?>
<Relation class="oracle.dbtools.crest.model.design.logical.Relation" name="Relation_6" directorySegmentName="seg_0" id="42FF04D7-3A55-A34B-7140-F80A2441E0CC">
<createdBy>sebastianolaveyanez</createdBy>
<createdTime>2024-09-03 01:23:02 UTC</createdTime>
<ownerDesignName>BBDD2</ownerDesignName>
<engineerTo>
<item key="2EFBC7C4-68FB-BDA1-8490-DD55EFBFCCB0" value="true"/>
</engineerTo>
<sourcePk>7DF98F8D-0ACA-937F-FCA8-78E39F3359E5</sourcePk>
<targetPk>28D74B0B-2847-341B-AF17-0A3D8B4E84F8</targetPk>
<identifying>false</identifying>
<optionalSource>false</optionalSource>
<optionalTarget>false</optionalTarget>
<sourceCardinality>1</sourceCardinality>
<sourceEntity>6909B063-1338-7F5B-DAF1-CBCDC5CCD3CB</sourceEntity>
<targetCardinalityString>1</targetCardinalityString>
<targetEntity>C836F7E2-8112-AB68-66F0-82CF50C16A7C</targetEntity>
<transferable>true</transferable>
<deleteRule>NO ACTION</deleteRule>
</Relation>