<?xml version = '1.0' encoding = 'UTF-8'?>
<Relation class="oracle.dbtools.crest.model.design.logical.Relation" name="Relation_8" directorySegmentName="seg_0" id="A0C0CE36-1F70-76F1-E322-EBEE9B9619C2">
<createdBy>sebastianolaveyanez</createdBy>
<createdTime>2024-09-03 01:54:13 UTC</createdTime>
<ownerDesignName>BBDD2</ownerDesignName>
<engineerTo>
<item key="2EFBC7C4-68FB-BDA1-8490-DD55EFBFCCB0" value="true"/>
</engineerTo>
<sourcePk>8B68E252-5E30-3DBE-3941-B8B1DBE2DA35</sourcePk>
<targetPk>857B7F04-83CE-311F-1507-E6B1D614A04B</targetPk>
<identifying>false</identifying>
<optionalSource>false</optionalSource>
<optionalTarget>false</optionalTarget>
<sourceCardinality>1</sourceCardinality>
<sourceEntity>EF84E24C-1CF4-C694-85D3-EFDEF71CEE21</sourceEntity>
<targetCardinalityString>1</targetCardinalityString>
<targetEntity>350D96E1-0D5F-B029-FDA1-EC85C74C85CC</targetEntity>
<transferable>true</transferable>
<deleteRule>NO ACTION</deleteRule>
</Relation>