<?xml version = '1.0' encoding = 'UTF-8'?>
<Diagram class="oracle.dbtools.crest.swingui.relational.DPVRelational" name="Relational_1" id="35E38FF3-20ED-7B13-5BB8-1F15AFF02E34">
<createdBy>sebastianolaveyanez</createdBy>
<modifiedBy>sebastianolaveyanez</modifiedBy>
<createdTime>2024-09-03 02:47:18 UTC</createdTime>
<autoRoute>false</autoRoute>
<boxInbox>true</boxInbox>
<showLegend>false</showLegend>
<showLabels>false</showLabels>
<showRelAttributes>false</showRelAttributes>
<gridEnabled>false</gridEnabled>
<showGrid>false</showGrid>
<diagramColor>-1</diagramColor>
<display>false</display>
<notation>1</notation>
<objectViews>
<OView class="oracle.dbtools.crest.swingui.relational.TVTable" oid="58E77DB2-CC4F-015E-0AD7-0059BC2AFA55" otype="Table" vid="E37F11C8-02AF-75EF-780F-9149F6ED2956">
<hideElementsInCurrentOnly>false</hideElementsInCurrentOnly>
<bounds x="790" y="356" width="244" height="110"/>
</OView>
<OView class="oracle.dbtools.crest.swingui.relational.TVTable" oid="5D477322-24BC-39B5-D15E-E87E03ADFF39" otype="Table" vid="8110ECF2-7BC0-4368-F5A5-B06FF2031ACF">
<hideElementsInCurrentOnly>false</hideElementsInCurrentOnly>
<bounds x="259" y="121" width="247" height="110"/>
</OView>
<OView class="oracle.dbtools.crest.swingui.relational.TVTable" oid="867E8787-1053-394A-7D56-E14A9B37FB10" otype="Table" vid="FBCF957C-22D7-120A-08BE-90E28876C0F7">
<hideElementsInCurrentOnly>false</hideElementsInCurrentOnly>
<bounds x="895" y="24" width="243" height="134"/>
</OView>
<OView class="oracle.dbtools.crest.swingui.relational.TVTable" oid="9C608AB6-2D67-8F3C-2800-BFCE2559B555" otype="Table" vid="4DE30A91-996E-8165-CF1F-EF255EF667BC">
<hideElementsInCurrentOnly>false</hideElementsInCurrentOnly>
<bounds x="583" y="179" width="259" height="132"/>
</OView>
<OView class="oracle.dbtools.crest.swingui.relational.TVTable" oid="B762FB26-5C3E-83D8-C8D8-51386517C228" otype="Table" vid="AC8AFB57-485D-0FC6-2C8D-FB6E514F0B6E">
<hideElementsInCurrentOnly>false</hideElementsInCurrentOnly>
<bounds x="29" y="305" width="222" height="134"/>
</OView>
<OView class="oracle.dbtools.crest.swingui.relational.TVTable" oid="D9163427-158F-4541-68C2-4D8726EEF953" otype="Table" vid="0214DD5D-BC69-8A5F-BC8D-22438A2C229A">
<hideElementsInCurrentOnly>false</hideElementsInCurrentOnly>
<bounds x="11" y="80" width="214" height="110"/>
</OView>
<OView class="oracle.dbtools.crest.swingui.relational.TVTable" oid="E5944124-4E89-E8C5-16EB-79F76709DA27" otype="Table" vid="92E85DE1-5DE5-9008-AFD8-3245FDA96932">
<hideElementsInCurrentOnly>false</hideElementsInCurrentOnly>
<bounds x="434" y="377" width="247" height="110"/>
</OView>
</objectViews>
<connectors>
<Connector class="oracle.dbtools.crest.swingui.relational.TVFKRelation" oid="2E9EF46D-1281-5EDB-CA55-086CB92AA758" otype="FKIndexAssociation" vid_source="4DE30A91-996E-8165-CF1F-EF255EF667BC" vid_target="8110ECF2-7BC0-4368-F5A5-B06FF2031ACF">
<hideElementsInCurrentOnly>false</hideElementsInCurrentOnly>
<backgroundColor>-16777216</backgroundColor>
<lineWidth>1</lineWidth>
<points>
<point x="583" y="205"/>
<point x="506" y="205"/>
</points>
</Connector>
<Connector class="oracle.dbtools.crest.swingui.relational.TVFKRelation" oid="380F6648-1C04-F6EF-2659-3E481521C4E6" otype="FKIndexAssociation" vid_source="FBCF957C-22D7-120A-08BE-90E28876C0F7" vid_target="4DE30A91-996E-8165-CF1F-EF255EF667BC">
<hideElementsInCurrentOnly>false</hideElementsInCurrentOnly>
<backgroundColor>-16777216</backgroundColor>
<lineWidth>1</lineWidth>
<points>
<point x="895" y="158"/>
<point x="842" y="179"/>
</points>
</Connector>
<Connector class="oracle.dbtools.crest.swingui.relational.TVFKRelation" oid="4CB46ED8-5671-67DE-AA15-17A920E126C1" otype="FKIndexAssociation" vid_source="0214DD5D-BC69-8A5F-BC8D-22438A2C229A" vid_target="8110ECF2-7BC0-4368-F5A5-B06FF2031ACF">
<hideElementsInCurrentOnly>false</hideElementsInCurrentOnly>
<backgroundColor>-16777216</backgroundColor>
<lineWidth>1</lineWidth>
<points>
<point x="225" y="155"/>
<point x="259" y="155"/>
</points>
</Connector>
<Connector class="oracle.dbtools.crest.swingui.relational.TVFKRelation" oid="56D3FF58-A588-DB93-ACEA-148D3DCAA6F0" otype="FKIndexAssociation" vid_source="AC8AFB57-485D-0FC6-2C8D-FB6E514F0B6E" vid_target="92E85DE1-5DE5-9008-AFD8-3245FDA96932">
<hideElementsInCurrentOnly>false</hideElementsInCurrentOnly>
<backgroundColor>-16777216</backgroundColor>
<lineWidth>1</lineWidth>
<points>
<point x="251" y="408"/>
<point x="434" y="408"/>
</points>
</Connector>
<Connector class="oracle.dbtools.crest.swingui.relational.TVFKRelation" oid="70B274C8-7B9A-BAB4-1E92-DF4F4B01DA66" otype="FKIndexAssociation" vid_source="4DE30A91-996E-8165-CF1F-EF255EF667BC" vid_target="92E85DE1-5DE5-9008-AFD8-3245FDA96932">
<hideElementsInCurrentOnly>false</hideElementsInCurrentOnly>
<backgroundColor>-16777216</backgroundColor>
<lineWidth>1</lineWidth>
<points>
<point x="632" y="311"/>
<point x="632" y="377"/>
</points>
</Connector>
<Connector class="oracle.dbtools.crest.swingui.relational.TVFKRelation" oid="72C10630-AAFE-634E-BDE5-6BA282FC7230" otype="FKIndexAssociation" vid_source="92E85DE1-5DE5-9008-AFD8-3245FDA96932" vid_target="E37F11C8-02AF-75EF-780F-9149F6ED2956">
<hideElementsInCurrentOnly>false</hideElementsInCurrentOnly>
<backgroundColor>-16777216</backgroundColor>
<lineWidth>1</lineWidth>
<points>
<point x="681" y="421"/>
<point x="790" y="421"/>
</points>
</Connector>
<Connector class="oracle.dbtools.crest.swingui.relational.TVFKRelation" oid="7635554D-F5B1-6CF2-60AF-3171C15FE24A" otype="FKIndexAssociation" vid_source="8110ECF2-7BC0-4368-F5A5-B06FF2031ACF" vid_target="4DE30A91-996E-8165-CF1F-EF255EF667BC">
<hideElementsInCurrentOnly>false</hideElementsInCurrentOnly>
<backgroundColor>-16777216</backgroundColor>
<lineWidth>1</lineWidth>
<points>
<point x="506" y="205"/>
<point x="583" y="205"/>
</points>
</Connector>
<Connector class="oracle.dbtools.crest.swingui.relational.TVFKRelation" oid="8601EA44-B7FF-5B83-A96B-12D35EBDF891" otype="FKIndexAssociation" vid_source="4DE30A91-996E-8165-CF1F-EF255EF667BC" vid_target="FBCF957C-22D7-120A-08BE-90E28876C0F7">
<hideElementsInCurrentOnly>false</hideElementsInCurrentOnly>
<backgroundColor>-16777216</backgroundColor>
<lineWidth>1</lineWidth>
<points>
<point x="842" y="179"/>
<point x="895" y="152"/>
</points>
</Connector>
<Connector class="oracle.dbtools.crest.swingui.relational.TVFKRelation" oid="B3F21484-E1B2-E0DC-23C9-FDBEE626A570" otype="FKIndexAssociation" vid_source="0214DD5D-BC69-8A5F-BC8D-22438A2C229A" vid_target="AC8AFB57-485D-0FC6-2C8D-FB6E514F0B6E">
<hideElementsInCurrentOnly>false</hideElementsInCurrentOnly>
<backgroundColor>-16777216</backgroundColor>
<lineWidth>1</lineWidth>
<points>
<point x="127" y="190"/>
<point x="127" y="305"/>
</points>
</Connector>
<Connector class="oracle.dbtools.crest.swingui.relational.TVFKRelation" oid="B76CF37B-B269-2884-0B99-C8EDA8BE90CA" otype="FKIndexAssociation" vid_source="92E85DE1-5DE5-9008-AFD8-3245FDA96932" vid_target="AC8AFB57-485D-0FC6-2C8D-FB6E514F0B6E">
<hideElementsInCurrentOnly>false</hideElementsInCurrentOnly>
<backgroundColor>-16777216</backgroundColor>
<lineWidth>1</lineWidth>
<points>
<point x="434" y="408"/>
<point x="251" y="408"/>
</points>
</Connector>
<Connector class="oracle.dbtools.crest.swingui.relational.TVFKRelation" oid="F4C13103-B895-05BF-7ECD-50DAB4E939CA" otype="FKIndexAssociation" vid_source="92E85DE1-5DE5-9008-AFD8-3245FDA96932" vid_target="4DE30A91-996E-8165-CF1F-EF255EF667BC">
<hideElementsInCurrentOnly>false</hideElementsInCurrentOnly>
<backgroundColor>-16777216</backgroundColor>
<lineWidth>1</lineWidth>
<points>
<point x="632" y="377"/>
<point x="632" y="311"/>
</points>
</Connector>
<Connector class="oracle.dbtools.crest.swingui.relational.TVFKRelation" oid="FFE7327A-3C60-C43B-CC6B-81A34E228CDF" otype="FKIndexAssociation" vid_source="8110ECF2-7BC0-4368-F5A5-B06FF2031ACF" vid_target="0214DD5D-BC69-8A5F-BC8D-22438A2C229A">
<hideElementsInCurrentOnly>false</hideElementsInCurrentOnly>
<backgroundColor>-16777216</backgroundColor>
<lineWidth>1</lineWidth>
<points>
<point x="259" y="155"/>
<point x="225" y="155"/>
</points>
</Connector>
</connectors>
</Diagram>