<?xml version = '1.0' encoding = 'UTF-8'?>
<relationalModel class="oracle.dbtools.crest.model.design.relational.RelationalDesign" name="Relational_1" id="6FB4D84E-A325-E808-F8F6-DB23DDCC06F0" mainViewID="58B24A35-1C81-52BF-9CCE-C5B495E2F509">
<createdBy>sebastianolaveyanez</createdBy>
<createdTime>2024-09-16 21:04:00 UTC</createdTime>
<ownerDesignName>BBDD4Sumativa</ownerDesignName>
<shouldBeOpen>false</shouldBeOpen>
<selectedRDBMSSite>32076570-2523-435C-2E92-BF29817DFF70</selectedRDBMSSite>
</relationalModel>