<?xml version = '1.0' encoding = 'UTF-8'?>
<Relation class="oracle.dbtools.crest.model.design.logical.Relation" name="Relation_4" directorySegmentName="seg_0" id="60E0DEA3-D702-D4B6-C3F9-59B6B18209AA">
<createdBy>sebastianolaveyanez</createdBy>
<createdTime>2024-09-03 01:20:55 UTC</createdTime>
<ownerDesignName>BBDD3</ownerDesignName>
<engineerTo>
<item key="2EFBC7C4-68FB-BDA1-8490-DD55EFBFCCB0" value="true"/>
</engineerTo>
<sourcePk>7DF98F8D-0ACA-937F-FCA8-78E39F3359E5</sourcePk>
<targetPk>8B68E252-5E30-3DBE-3941-B8B1DBE2DA35</targetPk>
<identifying>false</identifying>
<optionalSource>false</optionalSource>
<optionalTarget>false</optionalTarget>
<sourceCardinality>1</sourceCardinality>
<sourceEntity>6909B063-1338-7F5B-DAF1-CBCDC5CCD3CB</sourceEntity>
<targetCardinalityString>1</targetCardinalityString>
<targetEntity>EF84E24C-1CF4-C694-85D3-EFDEF71CEE21</targetEntity>
<transferable>true</transferable>
<deleteRule>NO ACTION</deleteRule>
</Relation>