<?xml version = '1.0' encoding = 'UTF-8'?>
<Relation class="oracle.dbtools.crest.model.design.logical.Relation" name="Relation_3" directorySegmentName="seg_0" id="7004D874-02E7-6CA2-D86C-034F43F3D955">
<createdBy>sebastianolaveyanez</createdBy>
<createdTime>2024-09-03 01:17:09 UTC</createdTime>
<ownerDesignName>BBDD3</ownerDesignName>
<engineerTo>
<item key="2EFBC7C4-68FB-BDA1-8490-DD55EFBFCCB0" value="true"/>
</engineerTo>
<sourcePk>7DF98F8D-0ACA-937F-FCA8-78E39F3359E5</sourcePk>
<targetPk>04E89096-1D5D-142A-BBFA-EC58F7B967B2</targetPk>
<identifying>false</identifying>
<optionalSource>false</optionalSource>
<optionalTarget>false</optionalTarget>
<sourceCardinality>1</sourceCardinality>
<sourceEntity>6909B063-1338-7F5B-DAF1-CBCDC5CCD3CB</sourceEntity>
<targetCardinalityString>1</targetCardinalityString>
<targetEntity>7147BB1B-1C2B-7556-DC87-C4C827AF96A1</targetEntity>
<transferable>true</transferable>
<deleteRule>NO ACTION</deleteRule>
</Relation>