<?xml version = '1.0' encoding = 'UTF-8'?>
<Relation class="oracle.dbtools.crest.model.design.logical.Relation" name="Relation_5" directorySegmentName="seg_0" id="BCFA3B26-CEF7-2A56-48C8-B14315E47B9C">
<createdBy>sebastianolaveyanez</createdBy>
<createdTime>2024-09-03 01:21:49 UTC</createdTime>
<ownerDesignName>BBDD3</ownerDesignName>
<engineerTo>
<item key="2EFBC7C4-68FB-BDA1-8490-DD55EFBFCCB0" value="true"/>
</engineerTo>
<sourcePk>8B68E252-5E30-3DBE-3941-B8B1DBE2DA35</sourcePk>
<identifying>false</identifying>
<optionalSource>false</optionalSource>
<optionalTarget>false</optionalTarget>
<sourceCardinality>1</sourceCardinality>
<sourceEntity>EF84E24C-1CF4-C694-85D3-EFDEF71CEE21</sourceEntity>
<targetCardinalityString>*</targetCardinalityString>
<targetEntity>0EE9C3F6-4412-31FF-0E2E-9D8B9FA7CE16</targetEntity>
<transferable>true</transferable>
<deleteRule>NO ACTION</deleteRule>
</Relation>