<?xml version = '1.0' encoding = 'UTF-8'?>
<Relation class="oracle.dbtools.crest.model.design.logical.Relation" name="Relation_1" directorySegmentName="seg_0" id="CCE77606-20BB-EAA9-638B-DCEDB46CD579">
<createdBy>sebastianolaveyanez</createdBy>
<createdTime>2024-09-03 00:51:49 UTC</createdTime>
<ownerDesignName>BBDD3</ownerDesignName>
<engineerTo>
<item key="2EFBC7C4-68FB-BDA1-8490-DD55EFBFCCB0" value="true"/>
</engineerTo>
<sourcePk>317FCD84-3E52-43F3-6632-D00A4B2108A8</sourcePk>
<targetPk>04E89096-1D5D-142A-BBFA-EC58F7B967B2</targetPk>
<identifying>false</identifying>
<optionalSource>false</optionalSource>
<optionalTarget>false</optionalTarget>
<sourceCardinality>1</sourceCardinality>
<sourceEntity>2CAC2716-12DC-7555-F237-3D2D3A911890</sourceEntity>
<targetCardinalityString>1</targetCardinalityString>
<targetEntity>7147BB1B-1C2B-7556-DC87-C4C827AF96A1</targetEntity>
<transferable>true</transferable>
<deleteRule>NO ACTION</deleteRule>
</Relation>