<?xml version = '1.0' encoding = 'UTF-8'?>
<Diagram class="oracle.dbtools.crest.swingui.relational.DPVRelational" name="Relational_1" id="58B24A35-1C81-52BF-9CCE-C5B495E2F509">
<createdBy>sebastianolaveyanez</createdBy>
<modifiedBy>sebastianolaveyanez</modifiedBy>
<createdTime>2024-09-16 21:28:19 UTC</createdTime>
<autoRoute>false</autoRoute>
<boxInbox>true</boxInbox>
<showLegend>false</showLegend>
<showLabels>false</showLabels>
<showRelAttributes>false</showRelAttributes>
<gridEnabled>false</gridEnabled>
<showGrid>false</showGrid>
<diagramColor>-1</diagramColor>
<display>false</display>
<notation>1</notation>
<objectViews>
<OView class="oracle.dbtools.crest.swingui.relational.TVTable" oid="396AD2F0-5F51-F602-AB46-12E7B69F3B9F" otype="Table" vid="6AB080E4-5D7B-F249-4C2A-FFD7BE880FF5">
<hideElementsInCurrentOnly>false</hideElementsInCurrentOnly>
<bounds x="907" y="19" width="461" height="196"/>
</OView>
<OView class="oracle.dbtools.crest.swingui.relational.TVTable" oid="77A9A93A-DB6E-E282-BB61-0004BF2AC689" otype="Table" vid="A232B17F-60D4-F6BD-CBBF-0B733FB9B6FC">
<hideElementsInCurrentOnly>false</hideElementsInCurrentOnly>
<bounds x="17" y="28" width="337" height="215"/>
</OView>
<OView class="oracle.dbtools.crest.swingui.relational.TVTable" oid="7EF988FF-3D56-EE56-E9B2-644278505320" otype="Table" vid="ECD3C384-10BB-7B17-258E-5D1508E10C5A">
<hideElementsInCurrentOnly>false</hideElementsInCurrentOnly>
<bounds x="927" y="376" width="454" height="203"/>
</OView>
<OView class="oracle.dbtools.crest.swingui.relational.TVTable" oid="866F5134-2B91-DF22-EE87-BE87EC6758C9" otype="Table" vid="B6C97D47-077B-A4AC-D3B1-22FA1D761B90">
<hideElementsInCurrentOnly>false</hideElementsInCurrentOnly>
<bounds x="416" y="218" width="465" height="249"/>
</OView>
<OView class="oracle.dbtools.crest.swingui.relational.TVTable" oid="86ECB854-C42E-2EC6-7882-D421B9A4F29E" otype="Table" vid="1925CEE7-4E5E-3F9E-35B4-1DB3F70033BD">
<hideElementsInCurrentOnly>false</hideElementsInCurrentOnly>
<bounds x="102" y="163" width="252" height="189"/>
</OView>
<OView class="oracle.dbtools.crest.swingui.relational.TVTable" oid="DB545967-B28B-07D3-B976-EE25232595D8" otype="Table" vid="5F8492C3-A62B-5446-02FD-A400E61425B8">
<hideElementsInCurrentOnly>false</hideElementsInCurrentOnly>
<bounds x="33" y="488" width="323" height="162"/>
</OView>
<OView class="oracle.dbtools.crest.swingui.relational.TVTable" oid="F669E354-3650-1E45-C279-093DE85CDA9C" otype="Table" vid="10FA7767-58D0-D704-5691-D69B32DB25F5">
<hideElementsInCurrentOnly>false</hideElementsInCurrentOnly>
<bounds x="1080" y="496" width="271" height="165"/>
</OView>
</objectViews>
<connectors>
<Connector class="oracle.dbtools.crest.swingui.relational.TVFKRelation" oid="2898B557-9F2D-5DCC-A039-CD688EB9BD18" otype="FKIndexAssociation" vid_source="A232B17F-60D4-F6BD-CBBF-0B733FB9B6FC" vid_target="1925CEE7-4E5E-3F9E-35B4-1DB3F70033BD">
<hideElementsInCurrentOnly>false</hideElementsInCurrentOnly>
<backgroundColor>-16777216</backgroundColor>
<lineWidth>1</lineWidth>
<points>
<point x="354" y="173"/>
<point x="102" y="173"/>
</points>
</Connector>
<Connector class="oracle.dbtools.crest.swingui.relational.TVFKRelation" oid="38133CD0-67F6-2135-03D6-30A8F317A3AB" otype="FKIndexAssociation" vid_source="1925CEE7-4E5E-3F9E-35B4-1DB3F70033BD" vid_target="A232B17F-60D4-F6BD-CBBF-0B733FB9B6FC">
<hideElementsInCurrentOnly>false</hideElementsInCurrentOnly>
<backgroundColor>-16777216</backgroundColor>
<lineWidth>1</lineWidth>
<points>
<point x="102" y="203"/>
<point x="354" y="203"/>
</points>
</Connector>
<Connector class="oracle.dbtools.crest.swingui.relational.TVFKRelation" oid="3A03CCAA-ACB0-A88F-F73E-F09C73D89A2D" otype="FKIndexAssociation" vid_source="ECD3C384-10BB-7B17-258E-5D1508E10C5A" vid_target="10FA7767-58D0-D704-5691-D69B32DB25F5">
<hideElementsInCurrentOnly>false</hideElementsInCurrentOnly>
<backgroundColor>-16777216</backgroundColor>
<lineWidth>1</lineWidth>
<points>
<point x="1381" y="552"/>
<point x="1080" y="552"/>
</points>
</Connector>
<Connector class="oracle.dbtools.crest.swingui.relational.TVFKRelation" oid="742ED45F-FF47-A8E7-ACC8-4357AEC5C7A5" otype="FKIndexAssociation" vid_source="ECD3C384-10BB-7B17-258E-5D1508E10C5A" vid_target="10FA7767-58D0-D704-5691-D69B32DB25F5">
<hideElementsInCurrentOnly>false</hideElementsInCurrentOnly>
<backgroundColor>-16777216</backgroundColor>
<lineWidth>1</lineWidth>
<points>
<point x="1381" y="537"/>
<point x="1080" y="537"/>
</points>
</Connector>
<Connector class="oracle.dbtools.crest.swingui.relational.TVFKRelation" oid="76C3AC5E-656E-A120-9ABD-29EC9745EBC3" otype="FKIndexAssociation" vid_source="1925CEE7-4E5E-3F9E-35B4-1DB3F70033BD" vid_target="5F8492C3-A62B-5446-02FD-A400E61425B8">
<hideElementsInCurrentOnly>false</hideElementsInCurrentOnly>
<backgroundColor>-16777216</backgroundColor>
<lineWidth>1</lineWidth>
<points>
<point x="228" y="352"/>
<point x="228" y="488"/>
</points>
</Connector>
<Connector class="oracle.dbtools.crest.swingui.relational.TVFKRelation" oid="78277023-44E2-0208-5E45-857A1306F50B" otype="FKIndexAssociation" vid_source="6AB080E4-5D7B-F249-4C2A-FFD7BE880FF5" vid_target="B6C97D47-077B-A4AC-D3B1-22FA1D761B90">
<hideElementsInCurrentOnly>false</hideElementsInCurrentOnly>
<backgroundColor>-16777216</backgroundColor>
<lineWidth>1</lineWidth>
<points>
<point x="924" y="215"/>
<point x="881" y="235"/>
</points>
</Connector>
<Connector class="oracle.dbtools.crest.swingui.relational.TVFKRelation" oid="7EB01EDE-07BE-B9CE-BE09-E3BD160312A9" otype="FKIndexAssociation" vid_source="B6C97D47-077B-A4AC-D3B1-22FA1D761B90" vid_target="ECD3C384-10BB-7B17-258E-5D1508E10C5A">
<hideElementsInCurrentOnly>false</hideElementsInCurrentOnly>
<backgroundColor>-16777216</backgroundColor>
<lineWidth>1</lineWidth>
<points>
<point x="881" y="421"/>
<point x="927" y="421"/>
</points>
</Connector>
<Connector class="oracle.dbtools.crest.swingui.relational.TVFKRelation" oid="ACA39270-9EE5-5EA7-4827-8FA3E86D2FA5" otype="FKIndexAssociation" vid_source="A232B17F-60D4-F6BD-CBBF-0B733FB9B6FC" vid_target="1925CEE7-4E5E-3F9E-35B4-1DB3F70033BD">
<hideElementsInCurrentOnly>false</hideElementsInCurrentOnly>
<backgroundColor>-16777216</backgroundColor>
<lineWidth>1</lineWidth>
<points>
<point x="354" y="203"/>
<point x="102" y="203"/>
</points>
</Connector>
<Connector class="oracle.dbtools.crest.swingui.relational.TVFKRelation" oid="B72E6BCA-5C63-6A26-1674-9CB5C4ED030F" otype="FKIndexAssociation" vid_source="5F8492C3-A62B-5446-02FD-A400E61425B8" vid_target="B6C97D47-077B-A4AC-D3B1-22FA1D761B90">
<hideElementsInCurrentOnly>false</hideElementsInCurrentOnly>
<backgroundColor>-16777216</backgroundColor>
<lineWidth>1</lineWidth>
<points>
<point x="356" y="488"/>
<point x="416" y="458"/>
</points>
</Connector>
<Connector class="oracle.dbtools.crest.swingui.relational.TVFKRelation" oid="C9DFC4ED-E82C-DBE5-90DB-9F2D1F1B0570" otype="FKIndexAssociation" vid_source="ECD3C384-10BB-7B17-258E-5D1508E10C5A" vid_target="B6C97D47-077B-A4AC-D3B1-22FA1D761B90">
<hideElementsInCurrentOnly>false</hideElementsInCurrentOnly>
<backgroundColor>-16777216</backgroundColor>
<lineWidth>1</lineWidth>
<points>
<point x="927" y="436"/>
<point x="881" y="436"/>
</points>
</Connector>
<Connector class="oracle.dbtools.crest.swingui.relational.TVFKRelation" oid="D4CFA091-2343-01EC-CFAF-73C38D00C7A8" otype="FKIndexAssociation" vid_source="A232B17F-60D4-F6BD-CBBF-0B733FB9B6FC" vid_target="B6C97D47-077B-A4AC-D3B1-22FA1D761B90">
<hideElementsInCurrentOnly>false</hideElementsInCurrentOnly>
<backgroundColor>-16777216</backgroundColor>
<lineWidth>1</lineWidth>
<points>
<point x="354" y="230"/>
<point x="416" y="230"/>
</points>
</Connector>
<Connector class="oracle.dbtools.crest.swingui.relational.TVFKRelation" oid="F82DB7B2-1748-7F8B-5E12-BF9A68EED071" otype="FKIndexAssociation" vid_source="B6C97D47-077B-A4AC-D3B1-22FA1D761B90" vid_target="6AB080E4-5D7B-F249-4C2A-FFD7BE880FF5">
<hideElementsInCurrentOnly>false</hideElementsInCurrentOnly>
<backgroundColor>-16777216</backgroundColor>
<lineWidth>1</lineWidth>
<points>
<point x="881" y="235"/>
<point x="939" y="215"/>
</points>
</Connector>
</connectors>
</Diagram>