<?xml version = '1.0' encoding = 'UTF-8'?>
<relationalModel class="oracle.dbtools.crest.model.design.relational.RelationalDesign" name="Relational_1" id="2EFBC7C4-68FB-BDA1-8490-DD55EFBFCCB0" mainViewID="35E38FF3-20ED-7B13-5BB8-1F15AFF02E34">
<createdBy>sebastianolaveyanez</createdBy>
<createdTime>2024-09-03 00:36:45 UTC</createdTime>
<ownerDesignName>BBDD2</ownerDesignName>
<shouldBeOpen>true</shouldBeOpen>
<selectedRDBMSSite>32076570-2523-435C-2E92-BF29817DFF70</selectedRDBMSSite>
</relationalModel>