<?xml version = '1.0' encoding = 'UTF-8'?>
<Diagram class="oracle.dbtools.crest.swingui.logical.DPVLogical" name="Logical" id="EDBBA992-1673-9217-7732-F3513CD1031D">
<createdBy>sebastianolaveyanez</createdBy>
<modifiedBy>sebastianolaveyanez</modifiedBy>
<createdTime>2024-09-16 21:04:32 UTC</createdTime>
<autoRoute>false</autoRoute>
<boxInbox>true</boxInbox>
<showLegend>false</showLegend>
<showLabels>false</showLabels>
<showRelAttributes>false</showRelAttributes>
<gridEnabled>false</gridEnabled>
<showGrid>false</showGrid>
<diagramColor>-1</diagramColor>
<display>false</display>
<notation>1</notation>
<objectViews>
<OView class="oracle.dbtools.crest.swingui.logical.TVEntity" oid="7086C7EB-03CB-CA8F-FD18-2766A6CC5B60" otype="Entity" vid="9782566D-86C7-48DB-E864-5209047FC393">
<hideElementsInCurrentOnly>false</hideElementsInCurrentOnly>
<bounds x="1024" y="430" width="185" height="93"/>
</OView>
<OView class="oracle.dbtools.crest.swingui.logical.TVEntity" oid="8271D8CD-01C7-2384-7DFF-4A34FF6CDFAB" otype="Entity" vid="256C68EF-2673-872A-592D-C1CAC4A0F9F4">
<hideElementsInCurrentOnly>false</hideElementsInCurrentOnly>
<bounds x="61" y="69" width="337" height="215"/>
</OView>
<OView class="oracle.dbtools.crest.swingui.logical.TVEntity" oid="8D86A603-42BF-DE07-F1EE-069EE681A932" otype="Entity" vid="6BF7BC0C-2B1C-D987-F068-2ACED74214EE">
<hideElementsInCurrentOnly>false</hideElementsInCurrentOnly>
<bounds x="64" y="448" width="273" height="138"/>
</OView>
<OView class="oracle.dbtools.crest.swingui.logical.TVEntity" oid="D64A04F8-EFC5-9275-9494-30500AD7FCDD" otype="Entity" vid="57266FDA-7C75-C943-BB41-DCE17D1B09A2">
<hideElementsInCurrentOnly>false</hideElementsInCurrentOnly>
<bounds x="913" y="350" width="330" height="186"/>
</OView>
<OView class="oracle.dbtools.crest.swingui.logical.TVEntity" oid="E1320CED-4575-09C2-43E8-92A13A491E7D" otype="Entity" vid="EA132731-7D33-530B-6703-A8C3F00B2C06">
<hideElementsInCurrentOnly>false</hideElementsInCurrentOnly>
<bounds x="937" y="80" width="259" height="141"/>
</OView>
<OView class="oracle.dbtools.crest.swingui.logical.TVEntity" oid="F3264013-0063-AEC2-6268-1EF102BB0718" otype="Entity" vid="51B5E73F-8D74-9239-7A93-F97AB2042C56">
<hideElementsInCurrentOnly>false</hideElementsInCurrentOnly>
<bounds x="512" y="266" width="288" height="175"/>
</OView>
<OView class="oracle.dbtools.crest.swingui.logical.TVEntity" oid="F68CB1B4-B0CC-9BD7-9AE1-EC1455F0FCEA" otype="Entity" vid="28E60702-FA51-DFBF-13CA-C4C19FB89ECC">
<hideElementsInCurrentOnly>false</hideElementsInCurrentOnly>
<bounds x="205" y="168" width="183" height="106"/>
</OView>
</objectViews>
<connectors>
<Connector class="oracle.dbtools.crest.swingui.logical.TVRelation" oid="02BEB50E-E17A-CFAB-0307-D8CEC43F2131" otype="Relation" vid_source="51B5E73F-8D74-9239-7A93-F97AB2042C56" vid_target="57266FDA-7C75-C943-BB41-DCE17D1B09A2">
<hideElementsInCurrentOnly>false</hideElementsInCurrentOnly>
<backgroundColor>-16777216</backgroundColor>
<lineWidth>1</lineWidth>
<points>
<point x="800" y="395"/>
<point x="913" y="395"/>
</points>
</Connector>
<Connector class="oracle.dbtools.crest.swingui.logical.TVRelation" oid="576D0885-F07F-43DB-8072-0D330CFCA200" otype="Relation" vid_source="57266FDA-7C75-C943-BB41-DCE17D1B09A2" vid_target="9782566D-86C7-48DB-E864-5209047FC393">
<hideElementsInCurrentOnly>false</hideElementsInCurrentOnly>
<backgroundColor>-16777216</backgroundColor>
<lineWidth>1</lineWidth>
<points>
<point x="1243" y="476"/>
<point x="1024" y="476"/>
</points>
</Connector>
<Connector class="oracle.dbtools.crest.swingui.logical.TVRelation" oid="58A5A725-1FCE-1039-FB3F-6D9164214F6A" otype="Relation" vid_source="6BF7BC0C-2B1C-D987-F068-2ACED74214EE" vid_target="51B5E73F-8D74-9239-7A93-F97AB2042C56">
<hideElementsInCurrentOnly>false</hideElementsInCurrentOnly>
<backgroundColor>-16777216</backgroundColor>
<lineWidth>1</lineWidth>
<points>
<point x="337" y="468"/>
<point x="512" y="405"/>
</points>
</Connector>
<Connector class="oracle.dbtools.crest.swingui.logical.TVRelation" oid="5DA12E8F-2D19-A5E1-0D4D-346868D7FF6E" otype="Relation" vid_source="256C68EF-2673-872A-592D-C1CAC4A0F9F4" vid_target="28E60702-FA51-DFBF-13CA-C4C19FB89ECC">
<hideElementsInCurrentOnly>false</hideElementsInCurrentOnly>
<backgroundColor>-16777216</backgroundColor>
<lineWidth>1</lineWidth>
<points>
<point x="398" y="221"/>
<point x="205" y="221"/>
</points>
</Connector>
<Connector class="oracle.dbtools.crest.swingui.logical.TVRelation" oid="959DCC12-55B7-EE84-4512-D80FD044B7FD" otype="Relation" vid_source="51B5E73F-8D74-9239-7A93-F97AB2042C56" vid_target="EA132731-7D33-530B-6703-A8C3F00B2C06">
<hideElementsInCurrentOnly>false</hideElementsInCurrentOnly>
<backgroundColor>-16777216</backgroundColor>
<lineWidth>1</lineWidth>
<points>
<point x="800" y="282"/>
<point x="937" y="214"/>
</points>
</Connector>
<Connector class="oracle.dbtools.crest.swingui.logical.TVRelation" oid="B5EA50CF-4BCB-DF33-F4DE-1810A3918F4B" otype="Relation" vid_source="28E60702-FA51-DFBF-13CA-C4C19FB89ECC" vid_target="6BF7BC0C-2B1C-D987-F068-2ACED74214EE">
<hideElementsInCurrentOnly>false</hideElementsInCurrentOnly>
<backgroundColor>-16777216</backgroundColor>
<lineWidth>1</lineWidth>
<points>
<point x="248" y="274"/>
<point x="248" y="448"/>
</points>
</Connector>
<Connector class="oracle.dbtools.crest.swingui.logical.TVInheritanceRelation" oid="BAB0ED2B-13D0-8E54-E3BB-46F1BA387C58" otype="Hierarchy relation" vid_source="57266FDA-7C75-C943-BB41-DCE17D1B09A2" vid_target="9782566D-86C7-48DB-E864-5209047FC393">
<hideElementsInCurrentOnly>false</hideElementsInCurrentOnly>
<backgroundColor>-65536</backgroundColor>
<lineWidth>1</lineWidth>
</Connector>
<Connector class="oracle.dbtools.crest.swingui.logical.TVInheritanceRelation" oid="E95E94D4-E5D9-ABC3-BA96-3FA6C17D2A1C" otype="Hierarchy relation" vid_source="256C68EF-2673-872A-592D-C1CAC4A0F9F4" vid_target="28E60702-FA51-DFBF-13CA-C4C19FB89ECC">
<hideElementsInCurrentOnly>false</hideElementsInCurrentOnly>
<backgroundColor>-65536</backgroundColor>
<lineWidth>1</lineWidth>
</Connector>
<Connector class="oracle.dbtools.crest.swingui.logical.TVRelation" oid="FE06F4F1-83E7-3631-7F98-F9EE9CF6C08D" otype="Relation" vid_source="256C68EF-2673-872A-592D-C1CAC4A0F9F4" vid_target="51B5E73F-8D74-9239-7A93-F97AB2042C56">
<hideElementsInCurrentOnly>false</hideElementsInCurrentOnly>
<backgroundColor>-16777216</backgroundColor>
<lineWidth>1</lineWidth>
<points>
<point x="398" y="275"/>
<point x="512" y="275"/>
</points>
</Connector>
</connectors>
</Diagram>