<?xml version = '1.0' encoding = 'UTF-8'?>
<FKIndexAssociation class="oracle.dbtools.crest.model.design.relational.FKIndexAssociation" directorySegmentName="seg_0" id="2898B557-9F2D-5DCC-A039-CD688EB9BD18" containerWithKeyObject="86ECB854-C42E-2EC6-7882-D421B9A4F29E" localFKIndex="97DA628F-2B15-151D-899F-1CB6B38D3F97" name="DETALLE_CLIENTE_CLIENTE_FKv2">
<createdBy>sebastianolaveyanez</createdBy>
<createdTime>2024-09-16 21:28:19 UTC</createdTime>
<generatorID>5DA12E8F-2D19-A5E1-0D4D-346868D7FF6E</generatorID>
<ownerDesignName>BBDD4Sumativa</ownerDesignName>
<referredTableLongName>CLIENTE</referredTableLongName>
<deleteRule>NO ACTION</deleteRule>
<referredTableID>77A9A93A-DB6E-E282-BB61-0004BF2AC689</referredTableID>
<keyObject>C9F9534F-69E6-26D5-48AF-EB2DF35B2D16</keyObject>
<referredKeyID>C9F9534F-69E6-26D5-48AF-EB2DF35B2D16</referredKeyID>
<mandatory>true</mandatory>
<refColNames>RUT_cliente</refColNames>
<transferable>true</transferable>
<rely>false</rely>
<columnDependencyConstraintGenerateInDDL>true</columnDependencyConstraintGenerateInDDL>
</FKIndexAssociation>