<?xml version = '1.0' encoding = 'UTF-8'?>
<FKIndexAssociation class="oracle.dbtools.crest.model.design.relational.FKIndexAssociation" directorySegmentName="seg_0" id="38133CD0-67F6-2135-03D6-30A8F317A3AB" containerWithKeyObject="77A9A93A-DB6E-E282-BB61-0004BF2AC689" localFKIndex="BD7583E5-36D0-5C85-AEC9-16A52007965D" name="CLIENTE_DETALLE_CLIENTE_FK">
<createdBy>sebastianolaveyanez</createdBy>
<createdTime>2024-09-16 21:28:19 UTC</createdTime>
<generatorID>5DA12E8F-2D19-A5E1-0D4D-346868D7FF6E</generatorID>
<ownerDesignName>BBDD4Sumativa</ownerDesignName>
<referredTableLongName>DETALLE_CLIENTE</referredTableLongName>
<deleteRule>NO ACTION</deleteRule>
<referredTableID>86ECB854-C42E-2EC6-7882-D421B9A4F29E</referredTableID>
<keyObject>5DEA7607-56F3-B5C2-1A72-B23E596F57F2</keyObject>
<referredKeyID>5DEA7607-56F3-B5C2-1A72-B23E596F57F2</referredKeyID>
<mandatory>true</mandatory>
<refColNames>ID_cliente</refColNames>
<transferable>true</transferable>
<rely>false</rely>
<columnDependencyConstraintGenerateInDDL>true</columnDependencyConstraintGenerateInDDL>
</FKIndexAssociation>