<?xml version = '1.0' encoding = 'UTF-8'?>
<FKIndexAssociation class="oracle.dbtools.crest.model.design.relational.FKIndexAssociation" directorySegmentName="seg_0" id="3A03CCAA-ACB0-A88F-F73E-F09C73D89A2D" containerWithKeyObject="F669E354-3650-1E45-C279-093DE85CDA9C" localFKIndex="E95CF783-1F18-3A81-FE15-6E8506244E58" name="DETALLE_SERVICIO_ORDEN_TRABAJO_FK">
<createdBy>sebastianolaveyanez</createdBy>
<createdTime>2024-09-16 21:28:19 UTC</createdTime>
<generatorID>BAB0ED2B-13D0-8E54-E3BB-46F1BA387C58</generatorID>
<ownerDesignName>BBDD4Sumativa</ownerDesignName>
<referredTableLongName>ORDEN_TRABAJO</referredTableLongName>
<deleteRule>NO ACTION</deleteRule>
<referredTableID>7EF988FF-3D56-EE56-E9B2-644278505320</referredTableID>
<keyObject>CCCFDA5F-AEF2-CE7C-90F8-7A7D8D905ACF</keyObject>
<referredKeyID>CCCFDA5F-AEF2-CE7C-90F8-7A7D8D905ACF</referredKeyID>
<mandatory>true</mandatory>
<refColNames>Numero_orden_trabajo</refColNames>
<transferable>true</transferable>
<rely>false</rely>
<columnDependencyConstraintGenerateInDDL>true</columnDependencyConstraintGenerateInDDL>
</FKIndexAssociation>