<?xml version = '1.0' encoding = 'UTF-8'?>
<FKIndexAssociation class="oracle.dbtools.crest.model.design.relational.FKIndexAssociation" directorySegmentName="seg_0" id="742ED45F-FF47-A8E7-ACC8-4357AEC5C7A5" containerWithKeyObject="F669E354-3650-1E45-C279-093DE85CDA9C" localFKIndex="DD7C9409-4B3F-60C0-FEDE-5425177680AE" name="DETALLE_SERVICIO_ORDEN_TRABAJO_FKv2">
<createdBy>sebastianolaveyanez</createdBy>
<createdTime>2024-09-16 21:28:19 UTC</createdTime>
<generatorID>576D0885-F07F-43DB-8072-0D330CFCA200</generatorID>
<ownerDesignName>BBDD4Sumativa</ownerDesignName>
<referredTableLongName>ORDEN_TRABAJO</referredTableLongName>
<deleteRule>NO ACTION</deleteRule>
<referredTableID>7EF988FF-3D56-EE56-E9B2-644278505320</referredTableID>
<keyObject>CCCFDA5F-AEF2-CE7C-90F8-7A7D8D905ACF</keyObject>
<referredKeyID>CCCFDA5F-AEF2-CE7C-90F8-7A7D8D905ACF</referredKeyID>
<mandatory>true</mandatory>
<refColNames>Numero_orden_trabajo</refColNames>
<transferable>true</transferable>
<rely>false</rely>
<columnDependencyConstraintGenerateInDDL>true</columnDependencyConstraintGenerateInDDL>
</FKIndexAssociation>