<?xml version = '1.0' encoding = 'UTF-8'?>
<FKIndexAssociation class="oracle.dbtools.crest.model.design.relational.FKIndexAssociation" directorySegmentName="seg_0" id="76C3AC5E-656E-A120-9ABD-29EC9745EBC3" containerWithKeyObject="DB545967-B28B-07D3-B976-EE25232595D8" localFKIndex="556A689B-FF5C-74F6-DCE9-14FF1F0607D6" name="VEHICULO_DETALLE_CLIENTE_FK">
<createdBy>sebastianolaveyanez</createdBy>
<createdTime>2024-09-16 21:28:19 UTC</createdTime>
<generatorID>B5EA50CF-4BCB-DF33-F4DE-1810A3918F4B</generatorID>
<ownerDesignName>BBDD4Sumativa</ownerDesignName>
<referredTableLongName>DETALLE_CLIENTE</referredTableLongName>
<deleteRule>NO ACTION</deleteRule>
<referredTableID>86ECB854-C42E-2EC6-7882-D421B9A4F29E</referredTableID>
<keyObject>5DEA7607-56F3-B5C2-1A72-B23E596F57F2</keyObject>
<referredKeyID>5DEA7607-56F3-B5C2-1A72-B23E596F57F2</referredKeyID>
<mandatory>true</mandatory>
<refColNames>ID_cliente</refColNames>
<transferable>false</transferable>
<rely>false</rely>
<columnDependencyConstraintGenerateInDDL>true</columnDependencyConstraintGenerateInDDL>
</FKIndexAssociation>