<?xml version = '1.0' encoding = 'UTF-8'?>
<FKIndexAssociation class="oracle.dbtools.crest.model.design.relational.FKIndexAssociation" directorySegmentName="seg_0" id="78277023-44E2-0208-5E45-857A1306F50B" containerWithKeyObject="866F5134-2B91-DF22-EE87-BE87EC6758C9" localFKIndex="9156A339-E961-BD52-88CB-1DC0F65A3827" name="ORDEN_ATENCION_SEGUIMIENTO_ORDEN_FK">
<createdBy>sebastianolaveyanez</createdBy>
<createdTime>2024-09-16 21:28:19 UTC</createdTime>
<generatorID>959DCC12-55B7-EE84-4512-D80FD044B7FD</generatorID>
<ownerDesignName>BBDD4Sumativa</ownerDesignName>
<referredTableLongName>SEGUIMIENTO_ORDEN</referredTableLongName>
<deleteRule>NO ACTION</deleteRule>
<referredTableID>396AD2F0-5F51-F602-AB46-12E7B69F3B9F</referredTableID>
<keyObject>DCD243A0-1D92-B2EA-4867-C0536D9FECC2</keyObject>
<referredKeyID>DCD243A0-1D92-B2EA-4867-C0536D9FECC2</referredKeyID>
<mandatory>true</mandatory>
<refColNames>ID_seguimiento</refColNames>
<transferable>true</transferable>
<rely>false</rely>
<columnDependencyConstraintGenerateInDDL>true</columnDependencyConstraintGenerateInDDL>
</FKIndexAssociation>