<?xml version = '1.0' encoding = 'UTF-8'?>
<FKIndexAssociation class="oracle.dbtools.crest.model.design.relational.FKIndexAssociation" directorySegmentName="seg_0" id="7EB01EDE-07BE-B9CE-BE09-E3BD160312A9" containerWithKeyObject="7EF988FF-3D56-EE56-E9B2-644278505320" localFKIndex="70BF8EA6-E9EE-23C4-F20B-15666CF4E80D" name="ORDEN_TRABAJO_ORDEN_ATENCION_FK">
<createdBy>sebastianolaveyanez</createdBy>
<createdTime>2024-09-16 21:28:19 UTC</createdTime>
<generatorID>02BEB50E-E17A-CFAB-0307-D8CEC43F2131</generatorID>
<ownerDesignName>BBDD4Sumativa</ownerDesignName>
<referredTableLongName>ORDEN_ATENCION</referredTableLongName>
<deleteRule>NO ACTION</deleteRule>
<referredTableID>866F5134-2B91-DF22-EE87-BE87EC6758C9</referredTableID>
<keyObject>E03AB7C8-CD58-400A-F81D-6D722EB31DE8</keyObject>
<referredKeyID>E03AB7C8-CD58-400A-F81D-6D722EB31DE8</referredKeyID>
<mandatory>true</mandatory>
<refColNames>Numero_orden_atencion</refColNames>
<transferable>true</transferable>
<rely>false</rely>
<columnDependencyConstraintGenerateInDDL>true</columnDependencyConstraintGenerateInDDL>
</FKIndexAssociation>