<?xml version = '1.0' encoding = 'UTF-8'?>
<FKIndexAssociation class="oracle.dbtools.crest.model.design.relational.FKIndexAssociation" directorySegmentName="seg_0" id="ACA39270-9EE5-5EA7-4827-8FA3E86D2FA5" containerWithKeyObject="86ECB854-C42E-2EC6-7882-D421B9A4F29E" localFKIndex="5ED90C74-9026-BA52-84E0-173A45AF7F61" name="DETALLE_CLIENTE_CLIENTE_FK">
<createdBy>sebastianolaveyanez</createdBy>
<createdTime>2024-09-16 21:28:19 UTC</createdTime>
<generatorID>E95E94D4-E5D9-ABC3-BA96-3FA6C17D2A1C</generatorID>
<ownerDesignName>BBDD4Sumativa</ownerDesignName>
<referredTableLongName>CLIENTE</referredTableLongName>
<deleteRule>NO ACTION</deleteRule>
<referredTableID>77A9A93A-DB6E-E282-BB61-0004BF2AC689</referredTableID>
<keyObject>C9F9534F-69E6-26D5-48AF-EB2DF35B2D16</keyObject>
<referredKeyID>C9F9534F-69E6-26D5-48AF-EB2DF35B2D16</referredKeyID>
<mandatory>true</mandatory>
<refColNames>RUT_cliente</refColNames>
<transferable>true</transferable>
<rely>false</rely>
<columnDependencyConstraintGenerateInDDL>true</columnDependencyConstraintGenerateInDDL>
</FKIndexAssociation>