<?xml version = '1.0' encoding = 'UTF-8'?>
<FKIndexAssociation class="oracle.dbtools.crest.model.design.relational.FKIndexAssociation" directorySegmentName="seg_0" id="B72E6BCA-5C63-6A26-1674-9CB5C4ED030F" containerWithKeyObject="866F5134-2B91-DF22-EE87-BE87EC6758C9" localFKIndex="C9CB96BC-DDC5-C465-AB5C-3A14BC0D40EE" name="ORDEN_ATENCION_VEHICULO_FK">
<createdBy>sebastianolaveyanez</createdBy>
<createdTime>2024-09-16 21:28:19 UTC</createdTime>
<generatorID>58A5A725-1FCE-1039-FB3F-6D9164214F6A</generatorID>
<ownerDesignName>BBDD4Sumativa</ownerDesignName>
<referredTableLongName>VEHICULO</referredTableLongName>
<deleteRule>NO ACTION</deleteRule>
<referredTableID>DB545967-B28B-07D3-B976-EE25232595D8</referredTableID>
<keyObject>05E66AE4-0A92-3B49-5DF0-BC45573D91F7</keyObject>
<referredKeyID>05E66AE4-0A92-3B49-5DF0-BC45573D91F7</referredKeyID>
<mandatory>true</mandatory>
<refColNames>Patente_vehiculo,DETALLE_CLIENTE_ID_cliente</refColNames>
<transferable>true</transferable>
<rely>false</rely>
<columnDependencyConstraintGenerateInDDL>true</columnDependencyConstraintGenerateInDDL>
</FKIndexAssociation>