<?xml version = '1.0' encoding = 'UTF-8'?>
<FKIndexAssociation class="oracle.dbtools.crest.model.design.relational.FKIndexAssociation" directorySegmentName="seg_0" id="C9DFC4ED-E82C-DBE5-90DB-9F2D1F1B0570" containerWithKeyObject="866F5134-2B91-DF22-EE87-BE87EC6758C9" localFKIndex="84DB181F-851D-711B-66B1-F2316391D45A" name="ORDEN_ATENCION_ORDEN_TRABAJO_FK">
<createdBy>sebastianolaveyanez</createdBy>
<createdTime>2024-09-16 21:28:19 UTC</createdTime>
<generatorID>02BEB50E-E17A-CFAB-0307-D8CEC43F2131</generatorID>
<ownerDesignName>BBDD4Sumativa</ownerDesignName>
<referredTableLongName>ORDEN_TRABAJO</referredTableLongName>
<deleteRule>NO ACTION</deleteRule>
<referredTableID>7EF988FF-3D56-EE56-E9B2-644278505320</referredTableID>
<keyObject>CCCFDA5F-AEF2-CE7C-90F8-7A7D8D905ACF</keyObject>
<referredKeyID>CCCFDA5F-AEF2-CE7C-90F8-7A7D8D905ACF</referredKeyID>
<mandatory>true</mandatory>
<refColNames>Numero_orden_trabajo</refColNames>
<transferable>true</transferable>
<rely>false</rely>
<columnDependencyConstraintGenerateInDDL>true</columnDependencyConstraintGenerateInDDL>
</FKIndexAssociation>