<?xml version = '1.0' encoding = 'UTF-8'?>
<FKIndexAssociation class="oracle.dbtools.crest.model.design.relational.FKIndexAssociation" directorySegmentName="seg_0" id="D4CFA091-2343-01EC-CFAF-73C38D00C7A8" containerWithKeyObject="866F5134-2B91-DF22-EE87-BE87EC6758C9" localFKIndex="0EE48585-E5A9-7172-F162-48C140843D94" name="ORDEN_ATENCION_CLIENTE_FK">
<createdBy>sebastianolaveyanez</createdBy>
<createdTime>2024-09-16 21:28:19 UTC</createdTime>
<generatorID>FE06F4F1-83E7-3631-7F98-F9EE9CF6C08D</generatorID>
<ownerDesignName>BBDD4Sumativa</ownerDesignName>
<referredTableLongName>CLIENTE</referredTableLongName>
<deleteRule>NO ACTION</deleteRule>
<referredTableID>77A9A93A-DB6E-E282-BB61-0004BF2AC689</referredTableID>
<keyObject>C9F9534F-69E6-26D5-48AF-EB2DF35B2D16</keyObject>
<referredKeyID>C9F9534F-69E6-26D5-48AF-EB2DF35B2D16</referredKeyID>
<mandatory>true</mandatory>
<refColNames>RUT_cliente</refColNames>
<transferable>true</transferable>
<rely>false</rely>
<columnDependencyConstraintGenerateInDDL>true</columnDependencyConstraintGenerateInDDL>
</FKIndexAssociation>