<?xml version = '1.0' encoding = 'UTF-8'?>
<FKIndexAssociation class="oracle.dbtools.crest.model.design.relational.FKIndexAssociation" directorySegmentName="seg_0" id="F82DB7B2-1748-7F8B-5E12-BF9A68EED071" containerWithKeyObject="396AD2F0-5F51-F602-AB46-12E7B69F3B9F" localFKIndex="A51023EE-3FE6-0B99-5CDD-54BB8B386697" name="SEGUIMIENTO_ORDEN_ORDEN_ATENCION_FK">
<createdBy>sebastianolaveyanez</createdBy>
<createdTime>2024-09-16 21:28:19 UTC</createdTime>
<generatorID>959DCC12-55B7-EE84-4512-D80FD044B7FD</generatorID>
<ownerDesignName>BBDD4Sumativa</ownerDesignName>
<referredTableLongName>ORDEN_ATENCION</referredTableLongName>
<deleteRule>NO ACTION</deleteRule>
<referredTableID>866F5134-2B91-DF22-EE87-BE87EC6758C9</referredTableID>
<keyObject>E03AB7C8-CD58-400A-F81D-6D722EB31DE8</keyObject>
<referredKeyID>E03AB7C8-CD58-400A-F81D-6D722EB31DE8</referredKeyID>
<mandatory>true</mandatory>
<refColNames>Numero_orden_atencion</refColNames>
<transferable>true</transferable>
<rely>false</rely>
<columnDependencyConstraintGenerateInDDL>true</columnDependencyConstraintGenerateInDDL>
</FKIndexAssociation>