<?xml version = '1.0' encoding = 'UTF-8'?>
<Entity class="oracle.dbtools.crest.model.design.logical.Entity" directorySegmentName="seg_0" id="B70D72AA-6CE2-442A-94C6-9C26225F8272" name="INJERTO">
<createdBy>sebastianolaveyanez</createdBy>
<createdTime>2024-08-25 02:24:02 UTC</createdTime>
<ownerDesignName>BBDD1</ownerDesignName>
<engineerTo>
<item key="FD6830D3-FDE1-16EA-D4D5-141964D55949" value="true"/>
</engineerTo>
<adequatelyNormalized>NO</adequatelyNormalized>
<expectedVolumes>0</expectedVolumes>
<fwdEngineeringStrategyName>Single Table</fwdEngineeringStrategyName>
<growthPercent>0</growthPercent>
<growthType>Year</growthType>
<maxVolumes>9999999</maxVolumes>
<minVolumes>0</minVolumes>
<normalForm>Third</normalForm>
<attributes itemClass="oracle.dbtools.crest.model.design.logical.Attribute">
<Attribute name="id_injerto" id="9CDA7ED5-DBE6-4572-3DC1-D79080C7041A">
<createdBy>sebastianolaveyanez</createdBy>
<createdTime>2024-08-25 02:36:33 UTC</createdTime>
<ownerDesignName>BBDD1</ownerDesignName>
<engineerTo>
<item key="FD6830D3-FDE1-16EA-D4D5-141964D55949" value="true"/>
</engineerTo>
<useDomainConstraints>false</useDomainConstraints>
<use>1</use>
<logicalDatatype>LOGDT019</logicalDatatype>
<dataTypePrecision>5</dataTypePrecision>
<ownDataTypeParameters>,5,</ownDataTypeParameters>
</Attribute>
<Attribute name="id_arbol" id="FB1CFC9C-79AB-FB52-8058-643CABF7DA0D">
<createdBy>sebastianolaveyanez</createdBy>
<createdTime>2024-08-25 02:36:59 UTC</createdTime>
<ownerDesignName>BBDD1</ownerDesignName>
<engineerTo>
<item key="FD6830D3-FDE1-16EA-D4D5-141964D55949" value="true"/>
</engineerTo>
<useDomainConstraints>false</useDomainConstraints>
<use>1</use>
<logicalDatatype>LOGDT019</logicalDatatype>
<dataTypePrecision>5</dataTypePrecision>
<ownDataTypeParameters>,5,</ownDataTypeParameters>
</Attribute>
<Attribute name="especie_injerto" id="02B135F8-C9BB-41A0-B884-194E6D790FDD">
<createdBy>sebastianolaveyanez</createdBy>
<createdTime>2024-08-25 02:37:22 UTC</createdTime>
<ownerDesignName>BBDD1</ownerDesignName>
<engineerTo>
<item key="FD6830D3-FDE1-16EA-D4D5-141964D55949" value="true"/>
</engineerTo>
<useDomainConstraints>false</useDomainConstraints>
<use>1</use>
<logicalDatatype>LOGDT024</logicalDatatype>
<dataTypeSize>15 BYTE</dataTypeSize>
<ownDataTypeParameters>15 BYTE,,</ownDataTypeParameters>
</Attribute>
<Attribute name="id_arbol1" id="2E88CE41-9CD1-E768-6A9A-B2EA31675F08">
<createdBy>sebastianolaveyanez</createdBy>
<createdTime>2024-08-25 02:53:42 UTC</createdTime>
<generatorID>D4802043-A725-D6AC-655E-8E87DDB6FDD2</generatorID>
<ownerDesignName>BBDD1</ownerDesignName>
<engineerTo>
<item key="FD6830D3-FDE1-16EA-D4D5-141964D55949" value="true"/>
</engineerTo>
<referedAttribute>369FFBBB-54AB-7FD4-705B-81377BE9731D</referedAttribute>
<useDomainConstraints>false</useDomainConstraints>
<use>1</use>
<logicalDatatype>LOGDT019</logicalDatatype>
<dataTypePrecision>5</dataTypePrecision>
<ownDataTypeParameters>,,</ownDataTypeParameters>
</Attribute>
</attributes>
<identifiers itemClass="oracle.dbtools.crest.model.design.logical.CandidateKey">
<identifier id="C993A45D-89D1-1002-E39D-E827A4BA3487" name="INJERTO PK">
<createdBy>sebastianolaveyanez</createdBy>
<createdTime>2024-08-25 02:36:56 UTC</createdTime>
<ownerDesignName>BBDD1</ownerDesignName>
<engineerTo>
<item key="FD6830D3-FDE1-16EA-D4D5-141964D55949" value="true"/>
</engineerTo>
<pk>true</pk>
<usedAttributes>
<attributeRef>9CDA7ED5-DBE6-4572-3DC1-D79080C7041A</attributeRef>
</usedAttributes>
</identifier>
</identifiers>
</Entity>