<?xml version = '1.0' encoding = 'UTF-8'?>
<Entity class="oracle.dbtools.crest.model.design.logical.Entity" directorySegmentName="seg_0" id="D7C1B0CB-D72F-5FC5-CD65-C7A1200B57E9" name="HUERTO">
<createdBy>sebastianolaveyanez</createdBy>
<createdTime>2024-08-25 02:23:04 UTC</createdTime>
<ownerDesignName>BBDD1</ownerDesignName>
<engineerTo>
<item key="FD6830D3-FDE1-16EA-D4D5-141964D55949" value="true"/>
</engineerTo>
<adequatelyNormalized>NO</adequatelyNormalized>
<expectedVolumes>0</expectedVolumes>
<fwdEngineeringStrategyName>Single Table</fwdEngineeringStrategyName>
<growthPercent>0</growthPercent>
<growthType>Year</growthType>
<maxVolumes>9999999</maxVolumes>
<minVolumes>0</minVolumes>
<normalForm>Third</normalForm>
<attributes itemClass="oracle.dbtools.crest.model.design.logical.Attribute">
<Attribute name="id_huerto" id="351B4A3A-F356-7360-9763-5C7B383B4D4B">
<createdBy>sebastianolaveyanez</createdBy>
<createdTime>2024-08-25 02:25:50 UTC</createdTime>
<commentInRDBMS><![CDATA[Primary Key de HUERTO]]></commentInRDBMS>
<ownerDesignName>BBDD1</ownerDesignName>
<engineerTo>
<item key="FD6830D3-FDE1-16EA-D4D5-141964D55949" value="true"/>
</engineerTo>
<useDomainConstraints>false</useDomainConstraints>
<use>1</use>
<logicalDatatype>LOGDT019</logicalDatatype>
<dataTypePrecision>5</dataTypePrecision>
<ownDataTypeParameters>,5,</ownDataTypeParameters>
</Attribute>
<Attribute name="nombre_huerto" id="DAC4CEFB-6952-1884-4191-D7E2A9AED32E">
<createdBy>sebastianolaveyanez</createdBy>
<createdTime>2024-08-25 02:31:16 UTC</createdTime>
<ownerDesignName>BBDD1</ownerDesignName>
<engineerTo>
<item key="FD6830D3-FDE1-16EA-D4D5-141964D55949" value="true"/>
</engineerTo>
<useDomainConstraints>false</useDomainConstraints>
<use>1</use>
<logicalDatatype>LOGDT024</logicalDatatype>
<dataTypeSize>15 BYTE</dataTypeSize>
<ownDataTypeParameters>15 BYTE,,</ownDataTypeParameters>
</Attribute>
<Attribute name="zona_area" id="4BEF998D-C441-AD2A-CF8F-947A9E8580FA">
<createdBy>sebastianolaveyanez</createdBy>
<createdTime>2024-08-25 02:31:54 UTC</createdTime>
<ownerDesignName>BBDD1</ownerDesignName>
<engineerTo>
<item key="FD6830D3-FDE1-16EA-D4D5-141964D55949" value="true"/>
</engineerTo>
<useDomainConstraints>false</useDomainConstraints>
<use>1</use>
<logicalDatatype>LOGDT024</logicalDatatype>
<dataTypeSize>15 BYTE</dataTypeSize>
<ownDataTypeParameters>15 BYTE,,</ownDataTypeParameters>
</Attribute>
</attributes>
<identifiers itemClass="oracle.dbtools.crest.model.design.logical.CandidateKey">
<identifier id="054E4149-53B9-9B9F-C3F1-65ED9B19E2A2" name="HUERTO PK">
<createdBy>sebastianolaveyanez</createdBy>
<createdTime>2024-08-25 02:26:15 UTC</createdTime>
<ownerDesignName>BBDD1</ownerDesignName>
<engineerTo>
<item key="FD6830D3-FDE1-16EA-D4D5-141964D55949" value="true"/>
</engineerTo>
<pk>true</pk>
<usedAttributes>
<attributeRef>351B4A3A-F356-7360-9763-5C7B383B4D4B</attributeRef>
</usedAttributes>
</identifier>
</identifiers>
</Entity>