<?xml version = '1.0' encoding = 'UTF-8'?>
<Entity class="oracle.dbtools.crest.model.design.logical.Entity" directorySegmentName="seg_0" id="E8DB9696-D437-D0A2-870B-E9F2F58E5593" name="ARBOL">
<createdBy>sebastianolaveyanez</createdBy>
<createdTime>2024-08-25 02:23:47 UTC</createdTime>
<ownerDesignName>BBDD1</ownerDesignName>
<engineerTo>
<item key="FD6830D3-FDE1-16EA-D4D5-141964D55949" value="true"/>
</engineerTo>
<adequatelyNormalized>NO</adequatelyNormalized>
<expectedVolumes>0</expectedVolumes>
<fwdEngineeringStrategyName>Single Table</fwdEngineeringStrategyName>
<growthPercent>0</growthPercent>
<growthType>Year</growthType>
<maxVolumes>9999999</maxVolumes>
<minVolumes>0</minVolumes>
<normalForm>Third</normalForm>
<attributes itemClass="oracle.dbtools.crest.model.design.logical.Attribute">
<Attribute name="id_arbol" id="369FFBBB-54AB-7FD4-705B-81377BE9731D">
<createdBy>sebastianolaveyanez</createdBy>
<createdTime>2024-08-25 02:32:23 UTC</createdTime>
<ownerDesignName>BBDD1</ownerDesignName>
<engineerTo>
<item key="FD6830D3-FDE1-16EA-D4D5-141964D55949" value="true"/>
</engineerTo>
<useDomainConstraints>false</useDomainConstraints>
<use>1</use>
<logicalDatatype>LOGDT019</logicalDatatype>
<dataTypePrecision>5</dataTypePrecision>
<ownDataTypeParameters>,5,</ownDataTypeParameters>
</Attribute>
<Attribute name="año_plantado" id="AF426E9C-3DF6-1466-F164-48AA0EB02F6F">
<createdBy>sebastianolaveyanez</createdBy>
<createdTime>2024-08-25 02:33:28 UTC</createdTime>
<ownerDesignName>BBDD1</ownerDesignName>
<engineerTo>
<item key="FD6830D3-FDE1-16EA-D4D5-141964D55949" value="true"/>
</engineerTo>
<useDomainConstraints>false</useDomainConstraints>
<use>1</use>
<logicalDatatype>LOGDT007</logicalDatatype>
<ownDataTypeParameters>,,</ownDataTypeParameters>
</Attribute>
<Attribute name="año_muerte" id="8D7D02F4-1117-5D02-273F-EB14C28864FB">
<createdBy>sebastianolaveyanez</createdBy>
<createdTime>2024-08-25 02:34:04 UTC</createdTime>
<ownerDesignName>BBDD1</ownerDesignName>
<engineerTo>
<item key="FD6830D3-FDE1-16EA-D4D5-141964D55949" value="true"/>
</engineerTo>
<useDomainConstraints>false</useDomainConstraints>
<use>1</use>
<logicalDatatype>LOGDT007</logicalDatatype>
<ownDataTypeParameters>,,</ownDataTypeParameters>
</Attribute>
<Attribute name="especie" id="2D265E2C-C5E0-8C37-625C-89355C843643">
<createdBy>sebastianolaveyanez</createdBy>
<createdTime>2024-08-25 02:35:36 UTC</createdTime>
<ownerDesignName>BBDD1</ownerDesignName>
<engineerTo>
<item key="FD6830D3-FDE1-16EA-D4D5-141964D55949" value="true"/>
</engineerTo>
<useDomainConstraints>false</useDomainConstraints>
<use>1</use>
<logicalDatatype>LOGDT024</logicalDatatype>
<dataTypeSize>15 BYTE</dataTypeSize>
<ownDataTypeParameters>15 BYTE,,</ownDataTypeParameters>
</Attribute>
<Attribute name="id_huerto" id="8A475770-F798-CF75-BB09-3F3ABBA68A09">
<createdBy>sebastianolaveyanez</createdBy>
<createdTime>2024-08-25 02:35:50 UTC</createdTime>
<ownerDesignName>BBDD1</ownerDesignName>
<engineerTo>
<item key="FD6830D3-FDE1-16EA-D4D5-141964D55949" value="true"/>
</engineerTo>
<useDomainConstraints>false</useDomainConstraints>
<use>1</use>
<logicalDatatype>LOGDT019</logicalDatatype>
<dataTypePrecision>5</dataTypePrecision>
<ownDataTypeParameters>,5,</ownDataTypeParameters>
</Attribute>
<Attribute name="id_huerto1" id="7AF06D27-F865-BE09-90A6-1BFCBD64A16F">
<createdBy>sebastianolaveyanez</createdBy>
<createdTime>2024-08-25 02:41:35 UTC</createdTime>
<generatorID>638410BB-0DB9-C3FA-EA95-F636F145ECF8</generatorID>
<ownerDesignName>BBDD1</ownerDesignName>
<engineerTo>
<item key="FD6830D3-FDE1-16EA-D4D5-141964D55949" value="true"/>
</engineerTo>
<referedAttribute>351B4A3A-F356-7360-9763-5C7B383B4D4B</referedAttribute>
<useDomainConstraints>false</useDomainConstraints>
<use>1</use>
<logicalDatatype>LOGDT019</logicalDatatype>
<dataTypePrecision>5</dataTypePrecision>
<ownDataTypeParameters>,,</ownDataTypeParameters>
</Attribute>
</attributes>
<identifiers itemClass="oracle.dbtools.crest.model.design.logical.CandidateKey">
<identifier id="0E718D51-40B9-3979-00CD-42FD84C68910" name="ARBOL PK">
<createdBy>sebastianolaveyanez</createdBy>
<createdTime>2024-08-25 02:32:32 UTC</createdTime>
<ownerDesignName>BBDD1</ownerDesignName>
<engineerTo>
<item key="FD6830D3-FDE1-16EA-D4D5-141964D55949" value="true"/>
</engineerTo>
<pk>true</pk>
<usedAttributes>
<attributeRef>369FFBBB-54AB-7FD4-705B-81377BE9731D</attributeRef>
</usedAttributes>
</identifier>
</identifiers>
</Entity>