<?xml version = '1.0' encoding = 'UTF-8'?>
<relationalModel class="oracle.dbtools.crest.model.design.relational.RelationalDesign" name="Relational_1" id="973B7E14-AA43-68D9-56C3-46231733CC3F" mainViewID="9B95B71F-950C-8F02-457A-BD62D25BD037">
<createdBy>sebastianolaveyanez</createdBy>
<createdTime>2024-10-01 02:00:56 UTC</createdTime>
<ownerDesignName>DeveloperDataModeler</ownerDesignName>
<shouldBeOpen>false</shouldBeOpen>
<selectedRDBMSSite>32076570-2523-435C-2E92-BF29817DFF70</selectedRDBMSSite>
</relationalModel>