<?xml version = '1.0' encoding = 'UTF-8'?>
<Entity class="oracle.dbtools.crest.model.design.logical.Entity" directorySegmentName="seg_0" id="7086C7EB-03CB-CA8F-FD18-2766A6CC5B60" name="DETALLE_SERVICIO">
<createdBy>sebastianolaveyanez</createdBy>
<createdTime>2024-09-16 21:15:42 UTC</createdTime>
<ownerDesignName>BBDD4Sumativa</ownerDesignName>
<engineerTo>
<item key="6FB4D84E-A325-E808-F8F6-DB23DDCC06F0" value="true"/>
</engineerTo>
<adequatelyNormalized>NO</adequatelyNormalized>
<expectedVolumes>0</expectedVolumes>
<fwdEngineeringStrategyName>Single Table</fwdEngineeringStrategyName>
<growthPercent>0</growthPercent>
<growthType>Year</growthType>
<hierarchicalParent>D64A04F8-EFC5-9275-9494-30500AD7FCDD</hierarchicalParent>
<maxVolumes>9999999</maxVolumes>
<minVolumes>0</minVolumes>
<normalForm>Third</normalForm>
<attributes itemClass="oracle.dbtools.crest.model.design.logical.Attribute">
<Attribute name="ID_servicio" id="45CA0A35-DF52-1CA6-4388-57300ADD263C">
<createdBy>sebastianolaveyanez</createdBy>
<createdTime>2024-09-16 21:15:50 UTC</createdTime>
<ownerDesignName>BBDD4Sumativa</ownerDesignName>
<engineerTo>
<item key="6FB4D84E-A325-E808-F8F6-DB23DDCC06F0" value="true"/>
</engineerTo>
<useDomainConstraints>false</useDomainConstraints>
<use>1</use>
<logicalDatatype>LOGDT011</logicalDatatype>
<ownDataTypeParameters>,,</ownDataTypeParameters>
</Attribute>
<Attribute name="Tipo_servicio" id="25B26FF4-AC80-A106-D8F9-90827BD01E51">
<createdBy>sebastianolaveyanez</createdBy>
<createdTime>2024-09-16 21:15:59 UTC</createdTime>
<ownerDesignName>BBDD4Sumativa</ownerDesignName>
<engineerTo>
<item key="6FB4D84E-A325-E808-F8F6-DB23DDCC06F0" value="true"/>
</engineerTo>
<useDomainConstraints>false</useDomainConstraints>
<use>1</use>
<logicalDatatype>LOGDT024</logicalDatatype>
<dataTypeSize>50 BYTE</dataTypeSize>
<ownDataTypeParameters>50 BYTE,,</ownDataTypeParameters>
</Attribute>
<Attribute name="Coste_mano_obra" id="65312292-796E-8EFA-5823-176F8FCE78F3">
<createdBy>sebastianolaveyanez</createdBy>
<createdTime>2024-09-16 21:16:14 UTC</createdTime>
<ownerDesignName>BBDD4Sumativa</ownerDesignName>
<engineerTo>
<item key="6FB4D84E-A325-E808-F8F6-DB23DDCC06F0" value="true"/>
</engineerTo>
<useDomainConstraints>false</useDomainConstraints>
<use>1</use>
<logicalDatatype>LOGDT011</logicalDatatype>
<ownDataTypeParameters>,,</ownDataTypeParameters>
</Attribute>
<Attribute name="Numero_orden_trabajo" id="9C837E87-9132-8431-2D95-ADA9F322043F">
<createdBy>sebastianolaveyanez</createdBy>
<createdTime>2024-09-16 21:19:53 UTC</createdTime>
<generatorID>576D0885-F07F-43DB-8072-0D330CFCA200</generatorID>
<ownerDesignName>BBDD4Sumativa</ownerDesignName>
<engineerTo>
<item key="6FB4D84E-A325-E808-F8F6-DB23DDCC06F0" value="true"/>
</engineerTo>
<referedAttribute>7860C396-F2FA-9863-2425-726F734C2CFB</referedAttribute>
<useDomainConstraints>false</useDomainConstraints>
<use>1</use>
<logicalDatatype>LOGDT011</logicalDatatype>
<ownDataTypeParameters>,,</ownDataTypeParameters>
</Attribute>
</attributes>
<identifiers itemClass="oracle.dbtools.crest.model.design.logical.CandidateKey">
<identifier id="E92FF152-3C82-A15A-7FF2-F49524F0B479" name="DETALLE_SERVICIO PK">
<createdBy>sebastianolaveyanez</createdBy>
<createdTime>2024-09-16 21:15:57 UTC</createdTime>
<ownerDesignName>BBDD4Sumativa</ownerDesignName>
<engineerTo>
<item key="6FB4D84E-A325-E808-F8F6-DB23DDCC06F0" value="true"/>
</engineerTo>
<pk>true</pk>
<usedAttributes>
<attributeRef>45CA0A35-DF52-1CA6-4388-57300ADD263C</attributeRef>
<attributeRef>9C837E87-9132-8431-2D95-ADA9F322043F</attributeRef>
</usedAttributes>
</identifier>
</identifiers>
</Entity>