<?xml version = '1.0' encoding = 'UTF-8'?>
<Entity class="oracle.dbtools.crest.model.design.logical.Entity" directorySegmentName="seg_0" id="8D86A603-42BF-DE07-F1EE-069EE681A932" name="VEHICULO">
<createdBy>sebastianolaveyanez</createdBy>
<createdTime>2024-09-16 21:09:44 UTC</createdTime>
<ownerDesignName>BBDD4Sumativa</ownerDesignName>
<engineerTo>
<item key="6FB4D84E-A325-E808-F8F6-DB23DDCC06F0" value="true"/>
</engineerTo>
<adequatelyNormalized>NO</adequatelyNormalized>
<expectedVolumes>0</expectedVolumes>
<fwdEngineeringStrategyName>Single Table</fwdEngineeringStrategyName>
<growthPercent>0</growthPercent>
<growthType>Year</growthType>
<maxVolumes>9999999</maxVolumes>
<minVolumes>0</minVolumes>
<normalForm>Third</normalForm>
<attributes itemClass="oracle.dbtools.crest.model.design.logical.Attribute">
<Attribute name="Patente_vehiculo" id="332AB103-519C-A879-265B-994B357150CA">
<createdBy>sebastianolaveyanez</createdBy>
<createdTime>2024-09-16 21:09:52 UTC</createdTime>
<ownerDesignName>BBDD4Sumativa</ownerDesignName>
<engineerTo>
<item key="6FB4D84E-A325-E808-F8F6-DB23DDCC06F0" value="true"/>
</engineerTo>
<useDomainConstraints>false</useDomainConstraints>
<use>1</use>
<logicalDatatype>LOGDT024</logicalDatatype>
<dataTypeSize>50 BYTE</dataTypeSize>
<ownDataTypeParameters>50 BYTE,,</ownDataTypeParameters>
</Attribute>
<Attribute name="Marca_vehiculo" id="D163EAAD-8A56-AF93-5CFA-B7225DDA1D99">
<createdBy>sebastianolaveyanez</createdBy>
<createdTime>2024-09-16 21:10:06 UTC</createdTime>
<ownerDesignName>BBDD4Sumativa</ownerDesignName>
<engineerTo>
<item key="6FB4D84E-A325-E808-F8F6-DB23DDCC06F0" value="true"/>
</engineerTo>
<useDomainConstraints>false</useDomainConstraints>
<use>1</use>
<logicalDatatype>LOGDT024</logicalDatatype>
<dataTypeSize>50 BYTE</dataTypeSize>
<ownDataTypeParameters>50 BYTE,,</ownDataTypeParameters>
</Attribute>
<Attribute name="Modelo_vehiculo" id="501B6715-5839-4F77-B296-43B0DDCA01C2">
<createdBy>sebastianolaveyanez</createdBy>
<createdTime>2024-09-16 21:10:24 UTC</createdTime>
<ownerDesignName>BBDD4Sumativa</ownerDesignName>
<engineerTo>
<item key="6FB4D84E-A325-E808-F8F6-DB23DDCC06F0" value="true"/>
</engineerTo>
<useDomainConstraints>false</useDomainConstraints>
<use>1</use>
<logicalDatatype>LOGDT024</logicalDatatype>
<dataTypeSize>50 BYTE</dataTypeSize>
<ownDataTypeParameters>50 BYTE,,</ownDataTypeParameters>
</Attribute>
<Attribute name="Año" id="5400CD49-9351-AE38-BBD3-4681B32271BE">
<createdBy>sebastianolaveyanez</createdBy>
<createdTime>2024-09-16 21:10:51 UTC</createdTime>
<ownerDesignName>BBDD4Sumativa</ownerDesignName>
<engineerTo>
<item key="6FB4D84E-A325-E808-F8F6-DB23DDCC06F0" value="true"/>
</engineerTo>
<useDomainConstraints>false</useDomainConstraints>
<use>1</use>
<logicalDatatype>LOGDT011</logicalDatatype>
<ownDataTypeParameters>,,</ownDataTypeParameters>
</Attribute>
<Attribute name="Color" id="9A24A0E4-9A0B-085A-AB02-7273D732E0B8">
<createdBy>sebastianolaveyanez</createdBy>
<createdTime>2024-09-16 21:11:05 UTC</createdTime>
<ownerDesignName>BBDD4Sumativa</ownerDesignName>
<engineerTo>
<item key="6FB4D84E-A325-E808-F8F6-DB23DDCC06F0" value="true"/>
</engineerTo>
<useDomainConstraints>false</useDomainConstraints>
<use>1</use>
<logicalDatatype>LOGDT024</logicalDatatype>
<dataTypeSize>50 BYTE</dataTypeSize>
<ownDataTypeParameters>50 BYTE,,</ownDataTypeParameters>
</Attribute>
<Attribute name="ID_cliente" id="FAACA3F3-0C67-A7CD-EDB3-821D7DB3B4A2">
<createdBy>sebastianolaveyanez</createdBy>
<createdTime>2024-09-16 21:17:29 UTC</createdTime>
<generatorID>B5EA50CF-4BCB-DF33-F4DE-1810A3918F4B</generatorID>
<ownerDesignName>BBDD4Sumativa</ownerDesignName>
<engineerTo>
<item key="6FB4D84E-A325-E808-F8F6-DB23DDCC06F0" value="true"/>
</engineerTo>
<referedAttribute>5AAB32E7-A45B-513F-E081-4620D88F7C81</referedAttribute>
<useDomainConstraints>false</useDomainConstraints>
<use>1</use>
<logicalDatatype>LOGDT011</logicalDatatype>
<ownDataTypeParameters>,,</ownDataTypeParameters>
</Attribute>
</attributes>
<identifiers itemClass="oracle.dbtools.crest.model.design.logical.CandidateKey">
<identifier id="0F57F70E-5D28-ADF0-409E-94E14466EF9F" name="VEHICULO PK">
<createdBy>sebastianolaveyanez</createdBy>
<createdTime>2024-09-16 21:10:04 UTC</createdTime>
<ownerDesignName>BBDD4Sumativa</ownerDesignName>
<engineerTo>
<item key="6FB4D84E-A325-E808-F8F6-DB23DDCC06F0" value="true"/>
</engineerTo>
<pk>true</pk>
<usedAttributes>
<attributeRef>332AB103-519C-A879-265B-994B357150CA</attributeRef>
<attributeRef>FAACA3F3-0C67-A7CD-EDB3-821D7DB3B4A2</attributeRef>
</usedAttributes>
</identifier>
</identifiers>
</Entity>