<?xml version = '1.0' encoding = 'UTF-8'?>
<Entity class="oracle.dbtools.crest.model.design.logical.Entity" directorySegmentName="seg_0" id="D64A04F8-EFC5-9275-9494-30500AD7FCDD" name="ORDEN_TRABAJO">
<createdBy>sebastianolaveyanez</createdBy>
<createdTime>2024-09-16 21:15:17 UTC</createdTime>
<ownerDesignName>BBDD4Sumativa</ownerDesignName>
<engineerTo>
<item key="6FB4D84E-A325-E808-F8F6-DB23DDCC06F0" value="true"/>
</engineerTo>
<adequatelyNormalized>NO</adequatelyNormalized>
<expectedVolumes>0</expectedVolumes>
<fwdEngineeringStrategyName>Single Table</fwdEngineeringStrategyName>
<growthPercent>0</growthPercent>
<growthType>Year</growthType>
<maxVolumes>9999999</maxVolumes>
<minVolumes>0</minVolumes>
<normalForm>Third</normalForm>
<attributes itemClass="oracle.dbtools.crest.model.design.logical.Attribute">
<Attribute name="Numero_orden_trabajo" id="7860C396-F2FA-9863-2425-726F734C2CFB">
<createdBy>sebastianolaveyanez</createdBy>
<createdTime>2024-09-16 21:15:23 UTC</createdTime>
<ownerDesignName>BBDD4Sumativa</ownerDesignName>
<engineerTo>
<item key="6FB4D84E-A325-E808-F8F6-DB23DDCC06F0" value="true"/>
</engineerTo>
<useDomainConstraints>false</useDomainConstraints>
<use>1</use>
<logicalDatatype>LOGDT011</logicalDatatype>
<ownDataTypeParameters>,,</ownDataTypeParameters>
</Attribute>
<Attribute name="Numero_orden_atencion" id="FC31ADE0-D0EF-2D26-7E42-FC56ADAF2015">
<createdBy>sebastianolaveyanez</createdBy>
<createdTime>2024-09-16 21:19:30 UTC</createdTime>
<generatorID>02BEB50E-E17A-CFAB-0307-D8CEC43F2131</generatorID>
<ownerDesignName>BBDD4Sumativa</ownerDesignName>
<engineerTo>
<item key="6FB4D84E-A325-E808-F8F6-DB23DDCC06F0" value="true"/>
</engineerTo>
<referedAttribute>EC0688AB-0205-E450-6C3C-F81D5E31AD68</referedAttribute>
<useDomainConstraints>false</useDomainConstraints>
<use>1</use>
<logicalDatatype>LOGDT011</logicalDatatype>
<ownDataTypeParameters>,,</ownDataTypeParameters>
</Attribute>
</attributes>
<identifiers itemClass="oracle.dbtools.crest.model.design.logical.CandidateKey">
<identifier id="E874A04E-01DC-7A36-9083-8ACC3A4783F6" name="ORDEN_TRABAJO PK">
<createdBy>sebastianolaveyanez</createdBy>
<createdTime>2024-09-16 21:15:34 UTC</createdTime>
<ownerDesignName>BBDD4Sumativa</ownerDesignName>
<engineerTo>
<item key="6FB4D84E-A325-E808-F8F6-DB23DDCC06F0" value="true"/>
</engineerTo>
<pk>true</pk>
<usedAttributes>
<attributeRef>7860C396-F2FA-9863-2425-726F734C2CFB</attributeRef>
</usedAttributes>
</identifier>
</identifiers>
</Entity>