<?xml version = '1.0' encoding = 'UTF-8'?>
<Entity class="oracle.dbtools.crest.model.design.logical.Entity" directorySegmentName="seg_0" id="E1320CED-4575-09C2-43E8-92A13A491E7D" name="SEGUIMIENTO_ORDEN">
<createdBy>sebastianolaveyanez</createdBy>
<createdTime>2024-09-16 21:12:29 UTC</createdTime>
<ownerDesignName>BBDD4Sumativa</ownerDesignName>
<engineerTo>
<item key="6FB4D84E-A325-E808-F8F6-DB23DDCC06F0" value="true"/>
</engineerTo>
<adequatelyNormalized>NO</adequatelyNormalized>
<expectedVolumes>0</expectedVolumes>
<fwdEngineeringStrategyName>Single Table</fwdEngineeringStrategyName>
<growthPercent>0</growthPercent>
<growthType>Year</growthType>
<maxVolumes>9999999</maxVolumes>
<minVolumes>0</minVolumes>
<normalForm>Third</normalForm>
<attributes itemClass="oracle.dbtools.crest.model.design.logical.Attribute">
<Attribute name="ID_seguimiento" id="F03FD98A-C7B1-B6CA-EC91-DCFFFF2B9E3E">
<createdBy>sebastianolaveyanez</createdBy>
<createdTime>2024-09-16 21:13:01 UTC</createdTime>
<ownerDesignName>BBDD4Sumativa</ownerDesignName>
<engineerTo>
<item key="6FB4D84E-A325-E808-F8F6-DB23DDCC06F0" value="true"/>
</engineerTo>
<useDomainConstraints>false</useDomainConstraints>
<use>1</use>
<logicalDatatype>LOGDT011</logicalDatatype>
<ownDataTypeParameters>,,</ownDataTypeParameters>
</Attribute>
<Attribute name="Estado_recepcion" id="51C2EA30-5FDD-25B8-823C-FFF135B6F0C7">
<createdBy>sebastianolaveyanez</createdBy>
<createdTime>2024-09-16 21:13:12 UTC</createdTime>
<ownerDesignName>BBDD4Sumativa</ownerDesignName>
<engineerTo>
<item key="6FB4D84E-A325-E808-F8F6-DB23DDCC06F0" value="true"/>
</engineerTo>
<useDomainConstraints>false</useDomainConstraints>
<use>1</use>
<logicalDatatype>LOGDT024</logicalDatatype>
<dataTypeSize>50 BYTE</dataTypeSize>
<ownDataTypeParameters>50 BYTE,,</ownDataTypeParameters>
</Attribute>
<Attribute name="Estado_revision" id="454B49B9-41A8-2FF6-4F9A-A5C89119810A">
<createdBy>sebastianolaveyanez</createdBy>
<createdTime>2024-09-16 21:13:44 UTC</createdTime>
<ownerDesignName>BBDD4Sumativa</ownerDesignName>
<engineerTo>
<item key="6FB4D84E-A325-E808-F8F6-DB23DDCC06F0" value="true"/>
</engineerTo>
<useDomainConstraints>false</useDomainConstraints>
<use>1</use>
<logicalDatatype>LOGDT024</logicalDatatype>
<dataTypeSize>50 BYTE</dataTypeSize>
<ownDataTypeParameters>50 BYTE,,</ownDataTypeParameters>
</Attribute>
<Attribute name="Control_calidad" id="5B4EB2B6-A5B7-63B9-BBCE-42255562A6E8">
<createdBy>sebastianolaveyanez</createdBy>
<createdTime>2024-09-16 21:14:13 UTC</createdTime>
<ownerDesignName>BBDD4Sumativa</ownerDesignName>
<engineerTo>
<item key="6FB4D84E-A325-E808-F8F6-DB23DDCC06F0" value="true"/>
</engineerTo>
<useDomainConstraints>false</useDomainConstraints>
<use>1</use>
<logicalDatatype>LOGDT024</logicalDatatype>
<dataTypeSize>50 BYTE</dataTypeSize>
<ownDataTypeParameters>50 BYTE,,</ownDataTypeParameters>
</Attribute>
<Attribute name="Fecha_estimada_entrega" id="F48D420E-38EC-6CA4-C0EC-7ED78BF615C9">
<createdBy>sebastianolaveyanez</createdBy>
<createdTime>2024-09-16 21:14:40 UTC</createdTime>
<ownerDesignName>BBDD4Sumativa</ownerDesignName>
<engineerTo>
<item key="6FB4D84E-A325-E808-F8F6-DB23DDCC06F0" value="true"/>
</engineerTo>
<useDomainConstraints>false</useDomainConstraints>
<use>1</use>
<logicalDatatype>LOGDT007</logicalDatatype>
<ownDataTypeParameters>,,</ownDataTypeParameters>
</Attribute>
<Attribute name="Estado_entrega" id="9DE7B00F-0847-54E8-4578-CF9D02547C0A">
<createdBy>sebastianolaveyanez</createdBy>
<createdTime>2024-09-16 21:14:55 UTC</createdTime>
<ownerDesignName>BBDD4Sumativa</ownerDesignName>
<engineerTo>
<item key="6FB4D84E-A325-E808-F8F6-DB23DDCC06F0" value="true"/>
</engineerTo>
<useDomainConstraints>false</useDomainConstraints>
<use>1</use>
<logicalDatatype>LOGDT024</logicalDatatype>
<dataTypeSize>50 BYTE</dataTypeSize>
<ownDataTypeParameters>50 BYTE,,</ownDataTypeParameters>
</Attribute>
<Attribute name="Numero_orden_atencion" id="6F1E051E-81DC-21FE-FBD5-8DF601358F1C">
<createdBy>sebastianolaveyanez</createdBy>
<createdTime>2024-09-16 21:20:22 UTC</createdTime>
<generatorID>959DCC12-55B7-EE84-4512-D80FD044B7FD</generatorID>
<ownerDesignName>BBDD4Sumativa</ownerDesignName>
<engineerTo>
<item key="6FB4D84E-A325-E808-F8F6-DB23DDCC06F0" value="true"/>
</engineerTo>
<referedAttribute>EC0688AB-0205-E450-6C3C-F81D5E31AD68</referedAttribute>
<useDomainConstraints>false</useDomainConstraints>
<use>1</use>
<logicalDatatype>LOGDT011</logicalDatatype>
<ownDataTypeParameters>,,</ownDataTypeParameters>
</Attribute>
</attributes>
<identifiers itemClass="oracle.dbtools.crest.model.design.logical.CandidateKey">
<identifier id="9C92594F-DFE8-3BB5-AFD9-C771EED2CC7E" name="SEGUIMIENTO_ORDEN PK">
<createdBy>sebastianolaveyanez</createdBy>
<createdTime>2024-09-16 21:13:11 UTC</createdTime>
<ownerDesignName>BBDD4Sumativa</ownerDesignName>
<engineerTo>
<item key="6FB4D84E-A325-E808-F8F6-DB23DDCC06F0" value="true"/>
</engineerTo>
<pk>true</pk>
<usedAttributes>
<attributeRef>F03FD98A-C7B1-B6CA-EC91-DCFFFF2B9E3E</attributeRef>
</usedAttributes>
</identifier>
</identifiers>
</Entity>