<?xml version = '1.0' encoding = 'UTF-8'?>
<Entity class="oracle.dbtools.crest.model.design.logical.Entity" directorySegmentName="seg_0" id="F3264013-0063-AEC2-6268-1EF102BB0718" name="ORDEN_ATENCION">
<createdBy>sebastianolaveyanez</createdBy>
<createdTime>2024-09-16 21:11:40 UTC</createdTime>
<ownerDesignName>BBDD4Sumativa</ownerDesignName>
<engineerTo>
<item key="6FB4D84E-A325-E808-F8F6-DB23DDCC06F0" value="true"/>
</engineerTo>
<adequatelyNormalized>NO</adequatelyNormalized>
<expectedVolumes>0</expectedVolumes>
<fwdEngineeringStrategyName>Single Table</fwdEngineeringStrategyName>
<growthPercent>0</growthPercent>
<growthType>Year</growthType>
<maxVolumes>9999999</maxVolumes>
<minVolumes>0</minVolumes>
<normalForm>Third</normalForm>
<attributes itemClass="oracle.dbtools.crest.model.design.logical.Attribute">
<Attribute name="Numero_orden_atencion" id="EC0688AB-0205-E450-6C3C-F81D5E31AD68">
<createdBy>sebastianolaveyanez</createdBy>
<createdTime>2024-09-16 21:11:48 UTC</createdTime>
<ownerDesignName>BBDD4Sumativa</ownerDesignName>
<engineerTo>
<item key="6FB4D84E-A325-E808-F8F6-DB23DDCC06F0" value="true"/>
</engineerTo>
<useDomainConstraints>false</useDomainConstraints>
<use>1</use>
<logicalDatatype>LOGDT011</logicalDatatype>
<ownDataTypeParameters>,,</ownDataTypeParameters>
</Attribute>
<Attribute name="Fecha_creacion" id="D3315E17-5137-A169-480D-D0ED4A6F79D1">
<createdBy>sebastianolaveyanez</createdBy>
<createdTime>2024-09-16 21:12:07 UTC</createdTime>
<ownerDesignName>BBDD4Sumativa</ownerDesignName>
<engineerTo>
<item key="6FB4D84E-A325-E808-F8F6-DB23DDCC06F0" value="true"/>
</engineerTo>
<useDomainConstraints>false</useDomainConstraints>
<use>1</use>
<logicalDatatype>LOGDT007</logicalDatatype>
<ownDataTypeParameters>,,</ownDataTypeParameters>
</Attribute>
<Attribute name="Patente_vehiculo" id="1676E163-DEC5-7A35-413C-3B5065C8E299">
<createdBy>sebastianolaveyanez</createdBy>
<createdTime>2024-09-16 21:18:39 UTC</createdTime>
<generatorID>58A5A725-1FCE-1039-FB3F-6D9164214F6A</generatorID>
<ownerDesignName>BBDD4Sumativa</ownerDesignName>
<engineerTo>
<item key="6FB4D84E-A325-E808-F8F6-DB23DDCC06F0" value="true"/>
</engineerTo>
<referedAttribute>332AB103-519C-A879-265B-994B357150CA</referedAttribute>
<useDomainConstraints>false</useDomainConstraints>
<use>1</use>
<logicalDatatype>LOGDT024</logicalDatatype>
<dataTypeSize>50 BYTE</dataTypeSize>
<ownDataTypeParameters>,,</ownDataTypeParameters>
</Attribute>
<Attribute name="RUT_cliente" id="C6D66EE5-F66F-D6F4-66B4-984F8DEA8D06">
<createdBy>sebastianolaveyanez</createdBy>
<createdTime>2024-09-16 21:19:12 UTC</createdTime>
<generatorID>FE06F4F1-83E7-3631-7F98-F9EE9CF6C08D</generatorID>
<ownerDesignName>BBDD4Sumativa</ownerDesignName>
<engineerTo>
<item key="6FB4D84E-A325-E808-F8F6-DB23DDCC06F0" value="true"/>
</engineerTo>
<referedAttribute>41C34132-F922-9E0A-A26A-ED2CB4561F2A</referedAttribute>
<useDomainConstraints>false</useDomainConstraints>
<use>1</use>
<logicalDatatype>LOGDT024</logicalDatatype>
<dataTypeSize>15 BYTE</dataTypeSize>
<ownDataTypeParameters>,,</ownDataTypeParameters>
</Attribute>
<Attribute name="Numero_orden_trabajo" id="977D248E-4016-C93C-6738-9B33833EB9E1">
<createdBy>sebastianolaveyanez</createdBy>
<createdTime>2024-09-16 21:19:32 UTC</createdTime>
<generatorID>02BEB50E-E17A-CFAB-0307-D8CEC43F2131</generatorID>
<ownerDesignName>BBDD4Sumativa</ownerDesignName>
<engineerTo>
<item key="6FB4D84E-A325-E808-F8F6-DB23DDCC06F0" value="true"/>
</engineerTo>
<referedAttribute>7860C396-F2FA-9863-2425-726F734C2CFB</referedAttribute>
<useDomainConstraints>false</useDomainConstraints>
<use>1</use>
<logicalDatatype>LOGDT011</logicalDatatype>
<ownDataTypeParameters>,,</ownDataTypeParameters>
</Attribute>
<Attribute name="ID_seguimiento" id="D38410A6-DD3D-A429-D440-BD5DA7438D68">
<createdBy>sebastianolaveyanez</createdBy>
<createdTime>2024-09-16 21:20:24 UTC</createdTime>
<generatorID>959DCC12-55B7-EE84-4512-D80FD044B7FD</generatorID>
<ownerDesignName>BBDD4Sumativa</ownerDesignName>
<engineerTo>
<item key="6FB4D84E-A325-E808-F8F6-DB23DDCC06F0" value="true"/>
</engineerTo>
<referedAttribute>F03FD98A-C7B1-B6CA-EC91-DCFFFF2B9E3E</referedAttribute>
<useDomainConstraints>false</useDomainConstraints>
<use>1</use>
<logicalDatatype>LOGDT011</logicalDatatype>
<ownDataTypeParameters>,,</ownDataTypeParameters>
</Attribute>
<Attribute name="ID_cliente" id="B0374D01-D091-E6DE-3B0D-F183DE35A184">
<createdBy>sebastianolaveyanez</createdBy>
<createdTime>2024-09-16 21:21:56 UTC</createdTime>
<generatorID>58A5A725-1FCE-1039-FB3F-6D9164214F6A</generatorID>
<ownerDesignName>BBDD4Sumativa</ownerDesignName>
<engineerTo>
<item key="6FB4D84E-A325-E808-F8F6-DB23DDCC06F0" value="true"/>
</engineerTo>
<referedAttribute>FAACA3F3-0C67-A7CD-EDB3-821D7DB3B4A2</referedAttribute>
<useDomainConstraints>false</useDomainConstraints>
<use>1</use>
<logicalDatatype>LOGDT011</logicalDatatype>
<ownDataTypeParameters>,,</ownDataTypeParameters>
</Attribute>
</attributes>
<identifiers itemClass="oracle.dbtools.crest.model.design.logical.CandidateKey">
<identifier id="FBB5BBB2-B743-146D-1640-2F1CD2E2760C" name="ORDEN_ATENCION PK">
<createdBy>sebastianolaveyanez</createdBy>
<createdTime>2024-09-16 21:12:04 UTC</createdTime>
<ownerDesignName>BBDD4Sumativa</ownerDesignName>
<engineerTo>
<item key="6FB4D84E-A325-E808-F8F6-DB23DDCC06F0" value="true"/>
</engineerTo>
<pk>true</pk>
<usedAttributes>
<attributeRef>EC0688AB-0205-E450-6C3C-F81D5E31AD68</attributeRef>
</usedAttributes>
</identifier>
</identifiers>
</Entity>