<?xml version = '1.0' encoding = 'UTF-8'?>
<Entity class="oracle.dbtools.crest.model.design.logical.Entity" directorySegmentName="seg_0" id="F68CB1B4-B0CC-9BD7-9AE1-EC1455F0FCEA" name="DETALLE_CLIENTE">
<createdBy>sebastianolaveyanez</createdBy>
<createdTime>2024-09-16 21:07:58 UTC</createdTime>
<ownerDesignName>BBDD4Sumativa</ownerDesignName>
<engineerTo>
<item key="6FB4D84E-A325-E808-F8F6-DB23DDCC06F0" value="true"/>
</engineerTo>
<adequatelyNormalized>NO</adequatelyNormalized>
<expectedVolumes>0</expectedVolumes>
<fwdEngineeringStrategyName>Single Table</fwdEngineeringStrategyName>
<growthPercent>0</growthPercent>
<growthType>Year</growthType>
<hierarchicalParent>8271D8CD-01C7-2384-7DFF-4A34FF6CDFAB</hierarchicalParent>
<maxVolumes>9999999</maxVolumes>
<minVolumes>0</minVolumes>
<normalForm>Third</normalForm>
<attributes itemClass="oracle.dbtools.crest.model.design.logical.Attribute">
<Attribute name="ID_cliente" id="5AAB32E7-A45B-513F-E081-4620D88F7C81">
<createdBy>sebastianolaveyanez</createdBy>
<createdTime>2024-09-16 21:08:11 UTC</createdTime>
<ownerDesignName>BBDD4Sumativa</ownerDesignName>
<engineerTo>
<item key="6FB4D84E-A325-E808-F8F6-DB23DDCC06F0" value="true"/>
</engineerTo>
<useDomainConstraints>false</useDomainConstraints>
<use>1</use>
<logicalDatatype>LOGDT011</logicalDatatype>
<ownDataTypeParameters>,,</ownDataTypeParameters>
</Attribute>
<Attribute name="Domicilio" id="76F2E25F-FC6B-8603-585E-3B89A9C08DB3">
<createdBy>sebastianolaveyanez</createdBy>
<createdTime>2024-09-16 21:08:28 UTC</createdTime>
<ownerDesignName>BBDD4Sumativa</ownerDesignName>
<engineerTo>
<item key="6FB4D84E-A325-E808-F8F6-DB23DDCC06F0" value="true"/>
</engineerTo>
<useDomainConstraints>false</useDomainConstraints>
<use>1</use>
<logicalDatatype>LOGDT024</logicalDatatype>
<dataTypeSize>50 BYTE</dataTypeSize>
<ownDataTypeParameters>50 BYTE,,</ownDataTypeParameters>
</Attribute>
<Attribute name="Telefono" id="07FF0874-886A-9D48-DCBE-9F42095EEC20">
<createdBy>sebastianolaveyanez</createdBy>
<createdTime>2024-09-16 21:08:42 UTC</createdTime>
<ownerDesignName>BBDD4Sumativa</ownerDesignName>
<engineerTo>
<item key="6FB4D84E-A325-E808-F8F6-DB23DDCC06F0" value="true"/>
</engineerTo>
<useDomainConstraints>false</useDomainConstraints>
<use>1</use>
<logicalDatatype>LOGDT011</logicalDatatype>
<ownDataTypeParameters>,,</ownDataTypeParameters>
</Attribute>
<Attribute name="Correo_electronico" id="BA967C56-8C93-6F8C-906F-25D01663379E">
<createdBy>sebastianolaveyanez</createdBy>
<createdTime>2024-09-16 21:08:58 UTC</createdTime>
<ownerDesignName>BBDD4Sumativa</ownerDesignName>
<engineerTo>
<item key="6FB4D84E-A325-E808-F8F6-DB23DDCC06F0" value="true"/>
</engineerTo>
<useDomainConstraints>false</useDomainConstraints>
<use>1</use>
<logicalDatatype>LOGDT024</logicalDatatype>
<dataTypeSize>50 BYTE</dataTypeSize>
<ownDataTypeParameters>50 BYTE,,</ownDataTypeParameters>
</Attribute>
<Attribute name="RUT_cliente" id="3D151133-BAF6-D7A0-6F20-D734C33B4987">
<createdBy>sebastianolaveyanez</createdBy>
<createdTime>2024-09-16 21:17:10 UTC</createdTime>
<generatorID>5DA12E8F-2D19-A5E1-0D4D-346868D7FF6E</generatorID>
<ownerDesignName>BBDD4Sumativa</ownerDesignName>
<engineerTo>
<item key="6FB4D84E-A325-E808-F8F6-DB23DDCC06F0" value="true"/>
</engineerTo>
<referedAttribute>41C34132-F922-9E0A-A26A-ED2CB4561F2A</referedAttribute>
<useDomainConstraints>false</useDomainConstraints>
<use>1</use>
<logicalDatatype>LOGDT024</logicalDatatype>
<dataTypeSize>15 BYTE</dataTypeSize>
<ownDataTypeParameters>,,</ownDataTypeParameters>
</Attribute>
</attributes>
<identifiers itemClass="oracle.dbtools.crest.model.design.logical.CandidateKey">
<identifier id="AA1E94EA-0CF4-F249-C12A-43C372ACA880" name="DETALLE_CLIENTE PK">
<createdBy>sebastianolaveyanez</createdBy>
<createdTime>2024-09-16 21:08:26 UTC</createdTime>
<ownerDesignName>BBDD4Sumativa</ownerDesignName>
<engineerTo>
<item key="6FB4D84E-A325-E808-F8F6-DB23DDCC06F0" value="true"/>
</engineerTo>
<pk>true</pk>
<usedAttributes>
<attributeRef>5AAB32E7-A45B-513F-E081-4620D88F7C81</attributeRef>
</usedAttributes>
</identifier>
</identifiers>
</Entity>