<?xml version = '1.0' encoding = 'UTF-8'?>
<Table class="oracle.dbtools.crest.model.design.relational.Table" directorySegmentName="seg_0" id="58E77DB2-CC4F-015E-0AD7-0059BC2AFA55" name="DETALLE_SERVICIO">
<createdBy>sebastianolaveyanez</createdBy>
<createdTime>2024-09-09 01:56:55 UTC</createdTime>
<generatorID>0EE9C3F6-4412-31FF-0E2E-9D8B9FA7CE16</generatorID>
<ownerDesignName>BBDD3</ownerDesignName>
<allowColumnReorder>false</allowColumnReorder>
<existDependencyGenerateInDDl>true</existDependencyGenerateInDDl>
<parsed>true</parsed>
<columns itemClass="oracle.dbtools.crest.model.design.relational.Column">
<Column name="ID_Servicio" id="8CBB3359-0244-54B8-A0E5-2E729601BC5A">
<createdBy>sebastianolaveyanez</createdBy>
<createdTime>2024-09-09 01:56:55 UTC</createdTime>
<generatorID>C5619CBF-C8A9-0D04-AEF3-6E664F997EA6</generatorID>
<ownerDesignName>BBDD3</ownerDesignName>
<useDomainConstraints>false</useDomainConstraints>
<use>1</use>
<logicalDatatype>LOGDT011</logicalDatatype>
<ownDataTypeParameters>,,</ownDataTypeParameters>
<autoIncrementCycle>false</autoIncrementCycle>
</Column>
<Column name="Tipo_Servicio" id="33C046B8-EDF4-2AC3-6AEB-0EDE7970504B">
<createdBy>sebastianolaveyanez</createdBy>
<createdTime>2024-09-09 01:56:55 UTC</createdTime>
<generatorID>C96B730A-0130-E74A-CF86-8DFE9FD3B78A</generatorID>
<ownerDesignName>BBDD3</ownerDesignName>
<useDomainConstraints>false</useDomainConstraints>
<use>1</use>
<logicalDatatype>LOGDT024</logicalDatatype>
<dataTypeSize>20 BYTE</dataTypeSize>
<ownDataTypeParameters>20 BYTE,,</ownDataTypeParameters>
<autoIncrementCycle>false</autoIncrementCycle>
</Column>
<Column name="Coste_Mano_Obra" id="406F995D-6784-7207-7B08-9AD088AAC0BE">
<createdBy>sebastianolaveyanez</createdBy>
<createdTime>2024-09-09 01:56:55 UTC</createdTime>
<generatorID>4953A1A2-0E22-DD6A-99EB-A9BA0546D064</generatorID>
<ownerDesignName>BBDD3</ownerDesignName>
<useDomainConstraints>false</useDomainConstraints>
<use>1</use>
<logicalDatatype>LOGDT011</logicalDatatype>
<ownDataTypeParameters>,,</ownDataTypeParameters>
<autoIncrementCycle>false</autoIncrementCycle>
</Column>
<Column name="ORDEN_TRABAJO_Numero_Orden_Trabajo" id="55C1EF33-C58F-3CFB-C285-67FABE19C27E">
<createdBy>sebastianolaveyanez</createdBy>
<createdTime>2024-09-09 01:56:55 UTC</createdTime>
<generatorID>5BD8DD98-1B76-8D8C-92E8-9AD9EFFE4BE2</generatorID>
<ownerDesignName>BBDD3</ownerDesignName>
<useDomainConstraints>false</useDomainConstraints>
<use>1</use>
<logicalDatatype>LOGDT011</logicalDatatype>
<ownDataTypeParameters>,,</ownDataTypeParameters>
<previousColumn>false</previousColumn>
<autoIncrementCycle>false</autoIncrementCycle>
<associations>
<colAssociation fkAssociation="72C10630-AAFE-634E-BDE5-6BA282FC7230" referredColumn="B71DEB78-2227-D18A-5DBF-FE9AF323F8F1"/>
</associations>
</Column>
</columns>
<indexes itemClass="oracle.dbtools.crest.model.design.relational.Index">
<ind_PK_UK id="39944E71-A6B7-88FC-02C6-CD448116E53C" name="DETALLE_SERVICIO_PK">
<createdBy>sebastianolaveyanez</createdBy>
<createdTime>2024-09-09 01:56:55 UTC</createdTime>
<generatorID>5E523390-649A-1CCC-71AA-6EB2C3C645FF</generatorID>
<ownerDesignName>BBDD3</ownerDesignName>
<pk>true</pk>
<indexState>Primary Constraint</indexState>
<isSurrogateKey>false</isSurrogateKey>
<indexColumnUsage>
<colUsage columnID="8CBB3359-0244-54B8-A0E5-2E729601BC5A"/>
</indexColumnUsage>
</ind_PK_UK>
<ind_PK_UK id="2B06F05C-8D14-C77A-628D-8662899AEEFB" name="DETALLE_SERVICIO_ORDEN_TRABAJO_FK">
<createdBy>sebastianolaveyanez</createdBy>
<createdTime>2024-09-09 01:56:55 UTC</createdTime>
<generatorID>BCFA3B26-CEF7-2A56-48C8-B14315E47B9C</generatorID>
<ownerDesignName>BBDD3</ownerDesignName>
<indexState>Foreign Key</indexState>
<isSurrogateKey>false</isSurrogateKey>
<indexColumnUsage>
<colUsage columnID="55C1EF33-C58F-3CFB-C285-67FABE19C27E"/>
</indexColumnUsage>
</ind_PK_UK>
</indexes>
</Table>