<?xml version = '1.0' encoding = 'UTF-8'?>
<Table class="oracle.dbtools.crest.model.design.relational.Table" directorySegmentName="seg_0" id="5D477322-24BC-39B5-D15E-E87E03ADFF39" name="CLIENTE">
<createdBy>sebastianolaveyanez</createdBy>
<createdTime>2024-09-09 01:56:55 UTC</createdTime>
<generatorID>7147BB1B-1C2B-7556-DC87-C4C827AF96A1</generatorID>
<ownerDesignName>BBDD3</ownerDesignName>
<allowColumnReorder>false</allowColumnReorder>
<existDependencyGenerateInDDl>true</existDependencyGenerateInDDl>
<parsed>true</parsed>
<columns itemClass="oracle.dbtools.crest.model.design.relational.Column">
<Column name="RUT_Cliente" id="05C99DE0-B037-0BF3-48A6-A43248E96364">
<createdBy>sebastianolaveyanez</createdBy>
<createdTime>2024-09-09 01:56:55 UTC</createdTime>
<generatorID>AE20A982-D209-6C25-FAEC-6BF09A86DA47</generatorID>
<ownerDesignName>BBDD3</ownerDesignName>
<useDomainConstraints>false</useDomainConstraints>
<use>1</use>
<logicalDatatype>LOGDT024</logicalDatatype>
<dataTypeSize>10 BYTE</dataTypeSize>
<ownDataTypeParameters>10 BYTE,,</ownDataTypeParameters>
<autoIncrementCycle>false</autoIncrementCycle>
</Column>
<Column name="Nombre" id="F5540B58-059D-DE19-8C1A-2CD043F9709A">
<createdBy>sebastianolaveyanez</createdBy>
<createdTime>2024-09-09 01:56:55 UTC</createdTime>
<generatorID>151B17F9-B8C6-25E6-98F6-89506533BA4B</generatorID>
<ownerDesignName>BBDD3</ownerDesignName>
<useDomainConstraints>false</useDomainConstraints>
<use>1</use>
<logicalDatatype>LOGDT024</logicalDatatype>
<dataTypeSize>20 BYTE</dataTypeSize>
<ownDataTypeParameters>20 BYTE,,</ownDataTypeParameters>
<autoIncrementCycle>false</autoIncrementCycle>
</Column>
<Column name="Apellido_Paterno" id="CC7C3302-DD8C-7C42-D29B-3E3C260A8BC5">
<createdBy>sebastianolaveyanez</createdBy>
<createdTime>2024-09-09 01:56:55 UTC</createdTime>
<generatorID>F3776149-11DE-4600-8BFC-A3E604174DCE</generatorID>
<ownerDesignName>BBDD3</ownerDesignName>
<useDomainConstraints>false</useDomainConstraints>
<use>1</use>
<logicalDatatype>LOGDT024</logicalDatatype>
<dataTypeSize>20 BYTE</dataTypeSize>
<ownDataTypeParameters>20 BYTE,,</ownDataTypeParameters>
<autoIncrementCycle>false</autoIncrementCycle>
</Column>
<Column name="DETALLE_CLIENTE_ID_Cliente" id="23D85E82-52A0-5FAB-E47F-62F5549EBE8C">
<createdBy>sebastianolaveyanez</createdBy>
<createdTime>2024-09-09 01:56:55 UTC</createdTime>
<generatorID>E52FC71F-4753-7B8A-BD93-9555F2285EF9</generatorID>
<ownerDesignName>BBDD3</ownerDesignName>
<useDomainConstraints>false</useDomainConstraints>
<use>1</use>
<logicalDatatype>LOGDT011</logicalDatatype>
<ownDataTypeParameters>,,</ownDataTypeParameters>
<previousColumn>false</previousColumn>
<autoIncrementCycle>false</autoIncrementCycle>
<associations>
<colAssociation fkAssociation="4CB46ED8-5671-67DE-AA15-17A920E126C1" referredColumn="C199BC3A-80A0-5DD0-6D19-AE825E682847"/>
</associations>
</Column>
<Column name="ORDEN_ATENCION_Numero_Orden_Atención" id="7EAD0DA9-A012-3971-9864-AFC11198E722">
<createdBy>sebastianolaveyanez</createdBy>
<createdTime>2024-09-09 01:56:55 UTC</createdTime>
<generatorID>A166CABF-355B-2D1E-E139-08B18622BC5F</generatorID>
<ownerDesignName>BBDD3</ownerDesignName>
<useDomainConstraints>false</useDomainConstraints>
<use>1</use>
<logicalDatatype>LOGDT011</logicalDatatype>
<ownDataTypeParameters>,,</ownDataTypeParameters>
<previousColumn>false</previousColumn>
<autoIncrementCycle>false</autoIncrementCycle>
<associations>
<colAssociation fkAssociation="2E9EF46D-1281-5EDB-CA55-086CB92AA758" referredColumn="9087BD14-7B48-974C-B7A5-9FF2F314EF8A"/>
</associations>
</Column>
</columns>
<indexes itemClass="oracle.dbtools.crest.model.design.relational.Index">
<ind_PK_UK id="4BF96C01-3CF0-FA9C-E075-0FE3018C0235" name="CLIENTE_PK">
<createdBy>sebastianolaveyanez</createdBy>
<createdTime>2024-09-09 01:56:55 UTC</createdTime>
<generatorID>04E89096-1D5D-142A-BBFA-EC58F7B967B2</generatorID>
<ownerDesignName>BBDD3</ownerDesignName>
<pk>true</pk>
<indexState>Primary Constraint</indexState>
<isSurrogateKey>false</isSurrogateKey>
<indexColumnUsage>
<colUsage columnID="05C99DE0-B037-0BF3-48A6-A43248E96364"/>
</indexColumnUsage>
</ind_PK_UK>
<ind_PK_UK id="5DCD8E2E-2423-B577-526C-71C09F177EC8" name="CLIENTE__IDX">
<createdBy>sebastianolaveyanez</createdBy>
<createdTime>2024-09-09 01:56:55 UTC</createdTime>
<ownerDesignName>BBDD3</ownerDesignName>
<indexState>Unique Plain Index</indexState>
<isSurrogateKey>false</isSurrogateKey>
<relationGeneratorID>CCE77606-20BB-EAA9-638B-DCEDB46CD579</relationGeneratorID>
<indexColumnUsage>
<colUsage columnID="23D85E82-52A0-5FAB-E47F-62F5549EBE8C"/>
</indexColumnUsage>
</ind_PK_UK>
<ind_PK_UK id="B680559A-1749-3C51-C2C8-737149B4D410" name="CLIENTE__IDXv1">
<createdBy>sebastianolaveyanez</createdBy>
<createdTime>2024-09-09 01:56:55 UTC</createdTime>
<ownerDesignName>BBDD3</ownerDesignName>
<indexState>Unique Plain Index</indexState>
<isSurrogateKey>false</isSurrogateKey>
<relationGeneratorID>7004D874-02E7-6CA2-D86C-034F43F3D955</relationGeneratorID>
<indexColumnUsage>
<colUsage columnID="7EAD0DA9-A012-3971-9864-AFC11198E722"/>
</indexColumnUsage>
</ind_PK_UK>
<ind_PK_UK id="0A669633-E218-17C5-48A1-439D094CCE96" name="CLIENTE_DETALLE_CLIENTE_FK">
<createdBy>sebastianolaveyanez</createdBy>
<createdTime>2024-09-09 01:56:55 UTC</createdTime>
<generatorID>CCE77606-20BB-EAA9-638B-DCEDB46CD579</generatorID>
<ownerDesignName>BBDD3</ownerDesignName>
<indexState>Foreign Key</indexState>
<isSurrogateKey>false</isSurrogateKey>
<indexColumnUsage>
<colUsage columnID="23D85E82-52A0-5FAB-E47F-62F5549EBE8C"/>
</indexColumnUsage>
</ind_PK_UK>
<ind_PK_UK id="7EC9CC79-42ED-6A19-1F6B-7FDBAB4B12CC" name="CLIENTE_ORDEN_ATENCION_FK">
<createdBy>sebastianolaveyanez</createdBy>
<createdTime>2024-09-09 01:56:55 UTC</createdTime>
<generatorID>7004D874-02E7-6CA2-D86C-034F43F3D955</generatorID>
<ownerDesignName>BBDD3</ownerDesignName>
<indexState>Foreign Key</indexState>
<isSurrogateKey>false</isSurrogateKey>
<indexColumnUsage>
<colUsage columnID="7EAD0DA9-A012-3971-9864-AFC11198E722"/>
</indexColumnUsage>
</ind_PK_UK>
</indexes>
</Table>