<?xml version = '1.0' encoding = 'UTF-8'?>
<Table class="oracle.dbtools.crest.model.design.relational.Table" directorySegmentName="seg_0" id="867E8787-1053-394A-7D56-E14A9B37FB10" name="SEGUIMIENTO_ORDEN">
<createdBy>sebastianolaveyanez</createdBy>
<createdTime>2024-09-09 01:56:55 UTC</createdTime>
<generatorID>C836F7E2-8112-AB68-66F0-82CF50C16A7C</generatorID>
<ownerDesignName>BBDD3</ownerDesignName>
<allowColumnReorder>false</allowColumnReorder>
<existDependencyGenerateInDDl>true</existDependencyGenerateInDDl>
<parsed>true</parsed>
<columns itemClass="oracle.dbtools.crest.model.design.relational.Column">
<Column name="ID_Seguimiento" id="8457C238-CBC2-EE83-7D80-F79A7FBCD1BC">
<createdBy>sebastianolaveyanez</createdBy>
<createdTime>2024-09-09 01:56:55 UTC</createdTime>
<generatorID>D3EB294A-C5CB-1C26-ADD4-C4839D6AA2C2</generatorID>
<ownerDesignName>BBDD3</ownerDesignName>
<useDomainConstraints>false</useDomainConstraints>
<use>1</use>
<logicalDatatype>LOGDT011</logicalDatatype>
<ownDataTypeParameters>,,</ownDataTypeParameters>
<autoIncrementCycle>false</autoIncrementCycle>
</Column>
<Column name="Estado_Recepción" id="FE71A8A6-6B8C-A9F3-B396-1418A1213007">
<createdBy>sebastianolaveyanez</createdBy>
<createdTime>2024-09-09 01:56:55 UTC</createdTime>
<generatorID>E5578083-58BD-A1A9-846C-63634863E740</generatorID>
<ownerDesignName>BBDD3</ownerDesignName>
<useDomainConstraints>false</useDomainConstraints>
<use>1</use>
<logicalDatatype>LOGDT024</logicalDatatype>
<dataTypeSize>10 BYTE</dataTypeSize>
<ownDataTypeParameters>10 BYTE,,</ownDataTypeParameters>
<autoIncrementCycle>false</autoIncrementCycle>
</Column>
<Column name="Estado_Revisión" id="05AAC651-F671-D4D9-FF1E-4D764EA4B2CB">
<createdBy>sebastianolaveyanez</createdBy>
<createdTime>2024-09-09 01:56:55 UTC</createdTime>
<generatorID>F516DA7A-680F-3151-5098-4664DB1BD8D0</generatorID>
<ownerDesignName>BBDD3</ownerDesignName>
<useDomainConstraints>false</useDomainConstraints>
<use>1</use>
<logicalDatatype>LOGDT024</logicalDatatype>
<dataTypeSize>10 BYTE</dataTypeSize>
<ownDataTypeParameters>10 BYTE,,</ownDataTypeParameters>
<autoIncrementCycle>false</autoIncrementCycle>
</Column>
<Column name="Control_Calidad" id="F4657127-3D57-1FD5-D62D-D78D2C7AE8EF">
<createdBy>sebastianolaveyanez</createdBy>
<createdTime>2024-09-09 01:56:55 UTC</createdTime>
<generatorID>2B71835F-AFBB-0921-B628-A860FEC57B57</generatorID>
<ownerDesignName>BBDD3</ownerDesignName>
<useDomainConstraints>false</useDomainConstraints>
<use>1</use>
<logicalDatatype>LOGDT024</logicalDatatype>
<dataTypeSize>10</dataTypeSize>
<ownDataTypeParameters>10,,</ownDataTypeParameters>
<autoIncrementCycle>false</autoIncrementCycle>
</Column>
<Column name="Fecha_estimada_entrega" id="241543A1-B7EF-9656-EF16-2F7B85F09A77">
<createdBy>sebastianolaveyanez</createdBy>
<createdTime>2024-09-09 01:56:55 UTC</createdTime>
<generatorID>51EEB239-C595-55ED-3AA2-888284993CA1</generatorID>
<ownerDesignName>BBDD3</ownerDesignName>
<useDomainConstraints>false</useDomainConstraints>
<use>1</use>
<logicalDatatype>LOGDT007</logicalDatatype>
<ownDataTypeParameters>,,</ownDataTypeParameters>
<autoIncrementCycle>false</autoIncrementCycle>
</Column>
<Column name="Estado_entrega" id="55C088F2-B086-F7AB-70E8-1B58162413E7">
<createdBy>sebastianolaveyanez</createdBy>
<createdTime>2024-09-09 01:56:55 UTC</createdTime>
<generatorID>964BABD4-5359-299A-FA5E-60DA70607AA9</generatorID>
<ownerDesignName>BBDD3</ownerDesignName>
<useDomainConstraints>false</useDomainConstraints>
<use>1</use>
<logicalDatatype>LOGDT024</logicalDatatype>
<dataTypeSize>20 BYTE</dataTypeSize>
<ownDataTypeParameters>20 BYTE,,</ownDataTypeParameters>
<autoIncrementCycle>false</autoIncrementCycle>
</Column>
<Column name="ORDEN_ATENCION_Numero_Orden_Atención" id="A4C8AED2-3DD5-AC49-910E-34E8AAD01D3E">
<createdBy>sebastianolaveyanez</createdBy>
<createdTime>2024-09-09 01:56:55 UTC</createdTime>
<generatorID>B3FC360F-0BED-974A-9313-1EF75824A814</generatorID>
<ownerDesignName>BBDD3</ownerDesignName>
<useDomainConstraints>false</useDomainConstraints>
<use>1</use>
<logicalDatatype>LOGDT011</logicalDatatype>
<ownDataTypeParameters>,,</ownDataTypeParameters>
<previousColumn>false</previousColumn>
<autoIncrementCycle>false</autoIncrementCycle>
<associations>
<colAssociation fkAssociation="8601EA44-B7FF-5B83-A96B-12D35EBDF891" referredColumn="9087BD14-7B48-974C-B7A5-9FF2F314EF8A"/>
</associations>
</Column>
</columns>
<indexes itemClass="oracle.dbtools.crest.model.design.relational.Index">
<ind_PK_UK id="AE097D3C-CBF1-0B84-054A-DDFCB21EA9EF" name="SEGUIMIENTO_ORDEN_PK">
<createdBy>sebastianolaveyanez</createdBy>
<createdTime>2024-09-09 01:56:55 UTC</createdTime>
<generatorID>28D74B0B-2847-341B-AF17-0A3D8B4E84F8</generatorID>
<ownerDesignName>BBDD3</ownerDesignName>
<pk>true</pk>
<indexState>Primary Constraint</indexState>
<isSurrogateKey>false</isSurrogateKey>
<indexColumnUsage>
<colUsage columnID="8457C238-CBC2-EE83-7D80-F79A7FBCD1BC"/>
</indexColumnUsage>
</ind_PK_UK>
<ind_PK_UK id="AFC42F9C-3111-2315-0370-14E45306C4BA" name="SEGUIMIENTO_ORDEN__IDX">
<createdBy>sebastianolaveyanez</createdBy>
<createdTime>2024-09-09 01:56:55 UTC</createdTime>
<ownerDesignName>BBDD3</ownerDesignName>
<indexState>Unique Plain Index</indexState>
<isSurrogateKey>false</isSurrogateKey>
<relationGeneratorID>42FF04D7-3A55-A34B-7140-F80A2441E0CC</relationGeneratorID>
<indexColumnUsage>
<colUsage columnID="A4C8AED2-3DD5-AC49-910E-34E8AAD01D3E"/>
</indexColumnUsage>
</ind_PK_UK>
<ind_PK_UK id="79604EAC-BA61-7889-40CC-9565873F7F51" name="SEGUIMIENTO_ORDEN_ORDEN_ATENCION_FK">
<createdBy>sebastianolaveyanez</createdBy>
<createdTime>2024-09-09 01:56:55 UTC</createdTime>
<generatorID>42FF04D7-3A55-A34B-7140-F80A2441E0CC</generatorID>
<ownerDesignName>BBDD3</ownerDesignName>
<indexState>Foreign Key</indexState>
<isSurrogateKey>false</isSurrogateKey>
<indexColumnUsage>
<colUsage columnID="A4C8AED2-3DD5-AC49-910E-34E8AAD01D3E"/>
</indexColumnUsage>
</ind_PK_UK>
</indexes>
</Table>