<?xml version = '1.0' encoding = 'UTF-8'?>
<Table class="oracle.dbtools.crest.model.design.relational.Table" directorySegmentName="seg_0" id="9C608AB6-2D67-8F3C-2800-BFCE2559B555" name="ORDEN_ATENCION">
<createdBy>sebastianolaveyanez</createdBy>
<createdTime>2024-09-09 01:56:55 UTC</createdTime>
<generatorID>6909B063-1338-7F5B-DAF1-CBCDC5CCD3CB</generatorID>
<ownerDesignName>BBDD3</ownerDesignName>
<allowColumnReorder>false</allowColumnReorder>
<existDependencyGenerateInDDl>true</existDependencyGenerateInDDl>
<parsed>true</parsed>
<columns itemClass="oracle.dbtools.crest.model.design.relational.Column">
<Column name="Numero_Orden_Atención" id="9087BD14-7B48-974C-B7A5-9FF2F314EF8A">
<createdBy>sebastianolaveyanez</createdBy>
<createdTime>2024-09-09 01:56:55 UTC</createdTime>
<generatorID>1622518D-77B3-53B6-49AE-52433D86F406</generatorID>
<ownerDesignName>BBDD3</ownerDesignName>
<useDomainConstraints>false</useDomainConstraints>
<use>1</use>
<logicalDatatype>LOGDT011</logicalDatatype>
<ownDataTypeParameters>,,</ownDataTypeParameters>
<autoIncrementCycle>false</autoIncrementCycle>
</Column>
<Column name="Fecha_Creación" id="D14C16C6-A209-E8D8-5D89-E68AC720F978">
<createdBy>sebastianolaveyanez</createdBy>
<createdTime>2024-09-09 01:56:55 UTC</createdTime>
<generatorID>DBF5A52C-7B88-881C-0C3D-ECE2D5C95833</generatorID>
<ownerDesignName>BBDD3</ownerDesignName>
<useDomainConstraints>false</useDomainConstraints>
<use>1</use>
<logicalDatatype>LOGDT007</logicalDatatype>
<ownDataTypeParameters>,,</ownDataTypeParameters>
<autoIncrementCycle>false</autoIncrementCycle>
</Column>
<Column name="CLIENTE_RUT_Cliente" id="D8E94EC7-E52B-C449-5058-3E023E4D2977">
<createdBy>sebastianolaveyanez</createdBy>
<createdTime>2024-09-09 01:56:55 UTC</createdTime>
<generatorID>BB889F5A-2ABD-21E3-2B15-AAC887DCCFBA</generatorID>
<ownerDesignName>BBDD3</ownerDesignName>
<useDomainConstraints>false</useDomainConstraints>
<use>1</use>
<logicalDatatype>LOGDT024</logicalDatatype>
<dataTypeSize>10 BYTE</dataTypeSize>
<ownDataTypeParameters>,,</ownDataTypeParameters>
<previousColumn>false</previousColumn>
<autoIncrementCycle>false</autoIncrementCycle>
<associations>
<colAssociation fkAssociation="7635554D-F5B1-6CF2-60AF-3171C15FE24A" referredColumn="05C99DE0-B037-0BF3-48A6-A43248E96364"/>
</associations>
</Column>
<Column name="ORDEN_TRABAJO_Numero_Orden_Trabajo" id="EB79681A-A9CB-0665-C3CE-6BCC770A17C4">
<createdBy>sebastianolaveyanez</createdBy>
<createdTime>2024-09-09 01:56:55 UTC</createdTime>
<generatorID>89E1DA5E-5709-DAE4-763A-FC081F37BA90</generatorID>
<ownerDesignName>BBDD3</ownerDesignName>
<useDomainConstraints>false</useDomainConstraints>
<use>1</use>
<logicalDatatype>LOGDT011</logicalDatatype>
<ownDataTypeParameters>,,</ownDataTypeParameters>
<previousColumn>false</previousColumn>
<autoIncrementCycle>false</autoIncrementCycle>
<associations>
<colAssociation fkAssociation="F4C13103-B895-05BF-7ECD-50DAB4E939CA" referredColumn="B71DEB78-2227-D18A-5DBF-FE9AF323F8F1"/>
</associations>
</Column>
<Column name="SEGUIMIENTO_ORDEN_ID_Seguimiento" id="E1F589E6-6083-1CE7-C8C0-A16F4D64B8B8">
<createdBy>sebastianolaveyanez</createdBy>
<createdTime>2024-09-09 01:56:55 UTC</createdTime>
<generatorID>783C6063-6EF3-C4FB-DD68-79B71D0E1696</generatorID>
<ownerDesignName>BBDD3</ownerDesignName>
<useDomainConstraints>false</useDomainConstraints>
<use>1</use>
<logicalDatatype>LOGDT011</logicalDatatype>
<ownDataTypeParameters>,,</ownDataTypeParameters>
<previousColumn>false</previousColumn>
<autoIncrementCycle>false</autoIncrementCycle>
<associations>
<colAssociation fkAssociation="380F6648-1C04-F6EF-2659-3E481521C4E6" referredColumn="8457C238-CBC2-EE83-7D80-F79A7FBCD1BC"/>
</associations>
</Column>
</columns>
<indexes itemClass="oracle.dbtools.crest.model.design.relational.Index">
<ind_PK_UK id="0237BE3F-2510-D70E-6E6E-59C6D8FBC4F6" name="ORDEN_ATENCION_PK">
<createdBy>sebastianolaveyanez</createdBy>
<createdTime>2024-09-09 01:56:55 UTC</createdTime>
<generatorID>7DF98F8D-0ACA-937F-FCA8-78E39F3359E5</generatorID>
<ownerDesignName>BBDD3</ownerDesignName>
<pk>true</pk>
<indexState>Primary Constraint</indexState>
<isSurrogateKey>false</isSurrogateKey>
<indexColumnUsage>
<colUsage columnID="9087BD14-7B48-974C-B7A5-9FF2F314EF8A"/>
</indexColumnUsage>
</ind_PK_UK>
<ind_PK_UK id="CBF9CF49-922D-6610-1CC1-F504F682B7F8" name="ORDEN_ATENCION__IDX">
<createdBy>sebastianolaveyanez</createdBy>
<createdTime>2024-09-09 01:56:55 UTC</createdTime>
<ownerDesignName>BBDD3</ownerDesignName>
<indexState>Unique Plain Index</indexState>
<isSurrogateKey>false</isSurrogateKey>
<relationGeneratorID>7004D874-02E7-6CA2-D86C-034F43F3D955</relationGeneratorID>
<indexColumnUsage>
<colUsage columnID="D8E94EC7-E52B-C449-5058-3E023E4D2977"/>
</indexColumnUsage>
</ind_PK_UK>
<ind_PK_UK id="C3DBA13F-4DDB-DF1C-8C35-7D13C5DCF0C1" name="ORDEN_ATENCION__IDXv1">
<createdBy>sebastianolaveyanez</createdBy>
<createdTime>2024-09-09 01:56:55 UTC</createdTime>
<ownerDesignName>BBDD3</ownerDesignName>
<indexState>Unique Plain Index</indexState>
<isSurrogateKey>false</isSurrogateKey>
<relationGeneratorID>60E0DEA3-D702-D4B6-C3F9-59B6B18209AA</relationGeneratorID>
<indexColumnUsage>
<colUsage columnID="EB79681A-A9CB-0665-C3CE-6BCC770A17C4"/>
</indexColumnUsage>
</ind_PK_UK>
<ind_PK_UK id="019A71C0-3953-5EC7-2BC2-38E7E2D45E76" name="ORDEN_ATENCION__IDXv2">
<createdBy>sebastianolaveyanez</createdBy>
<createdTime>2024-09-09 01:56:55 UTC</createdTime>
<ownerDesignName>BBDD3</ownerDesignName>
<indexState>Unique Plain Index</indexState>
<isSurrogateKey>false</isSurrogateKey>
<relationGeneratorID>42FF04D7-3A55-A34B-7140-F80A2441E0CC</relationGeneratorID>
<indexColumnUsage>
<colUsage columnID="E1F589E6-6083-1CE7-C8C0-A16F4D64B8B8"/>
</indexColumnUsage>
</ind_PK_UK>
<ind_PK_UK id="C0E80F08-12BE-EAB2-AC81-0E134039B793" name="ORDEN_ATENCION_CLIENTE_FK">
<createdBy>sebastianolaveyanez</createdBy>
<createdTime>2024-09-09 01:56:55 UTC</createdTime>
<generatorID>7004D874-02E7-6CA2-D86C-034F43F3D955</generatorID>
<ownerDesignName>BBDD3</ownerDesignName>
<indexState>Foreign Key</indexState>
<isSurrogateKey>false</isSurrogateKey>
<indexColumnUsage>
<colUsage columnID="D8E94EC7-E52B-C449-5058-3E023E4D2977"/>
</indexColumnUsage>
</ind_PK_UK>
<ind_PK_UK id="462F475B-CA78-D727-7A1E-9351FEC42F30" name="ORDEN_ATENCION_ORDEN_TRABAJO_FK">
<createdBy>sebastianolaveyanez</createdBy>
<createdTime>2024-09-09 01:56:55 UTC</createdTime>
<generatorID>60E0DEA3-D702-D4B6-C3F9-59B6B18209AA</generatorID>
<ownerDesignName>BBDD3</ownerDesignName>
<indexState>Foreign Key</indexState>
<isSurrogateKey>false</isSurrogateKey>
<indexColumnUsage>
<colUsage columnID="EB79681A-A9CB-0665-C3CE-6BCC770A17C4"/>
</indexColumnUsage>
</ind_PK_UK>
<ind_PK_UK id="CED94CB0-2CB6-F3E2-3C53-0A7D3B044879" name="ORDEN_ATENCION_SEGUIMIENTO_ORDEN_FK">
<createdBy>sebastianolaveyanez</createdBy>
<createdTime>2024-09-09 01:56:55 UTC</createdTime>
<generatorID>42FF04D7-3A55-A34B-7140-F80A2441E0CC</generatorID>
<ownerDesignName>BBDD3</ownerDesignName>
<indexState>Foreign Key</indexState>
<isSurrogateKey>false</isSurrogateKey>
<indexColumnUsage>
<colUsage columnID="E1F589E6-6083-1CE7-C8C0-A16F4D64B8B8"/>
</indexColumnUsage>
</ind_PK_UK>
</indexes>
</Table>