<?xml version = '1.0' encoding = 'UTF-8'?>
<Table class="oracle.dbtools.crest.model.design.relational.Table" directorySegmentName="seg_0" id="B762FB26-5C3E-83D8-C8D8-51386517C228" name="VEHICULO">
<createdBy>sebastianolaveyanez</createdBy>
<createdTime>2024-09-09 01:56:55 UTC</createdTime>
<generatorID>350D96E1-0D5F-B029-FDA1-EC85C74C85CC</generatorID>
<ownerDesignName>BBDD3</ownerDesignName>
<allowColumnReorder>false</allowColumnReorder>
<existDependencyGenerateInDDl>true</existDependencyGenerateInDDl>
<parsed>true</parsed>
<columns itemClass="oracle.dbtools.crest.model.design.relational.Column">
<Column name="Patente_Vehiculo" id="A5C9DD92-DBF0-D19C-7784-C7819EB554F5">
<createdBy>sebastianolaveyanez</createdBy>
<createdTime>2024-09-09 01:56:55 UTC</createdTime>
<generatorID>CD15B2C0-A11C-B3E5-31CD-8E6B8D866DEA</generatorID>
<ownerDesignName>BBDD3</ownerDesignName>
<useDomainConstraints>false</useDomainConstraints>
<use>1</use>
<logicalDatatype>LOGDT024</logicalDatatype>
<dataTypeSize>11 BYTE</dataTypeSize>
<ownDataTypeParameters>11 BYTE,,</ownDataTypeParameters>
<autoIncrementCycle>false</autoIncrementCycle>
</Column>
<Column name="Marca" id="3310E5EF-304B-63FB-D398-40DBAD73D85E">
<createdBy>sebastianolaveyanez</createdBy>
<createdTime>2024-09-09 01:56:55 UTC</createdTime>
<generatorID>3F859547-72AE-C5CF-33C7-2F6AC5BD36F5</generatorID>
<ownerDesignName>BBDD3</ownerDesignName>
<useDomainConstraints>false</useDomainConstraints>
<use>1</use>
<logicalDatatype>LOGDT024</logicalDatatype>
<dataTypeSize>20 BYTE</dataTypeSize>
<ownDataTypeParameters>20 BYTE,,</ownDataTypeParameters>
<autoIncrementCycle>false</autoIncrementCycle>
</Column>
<Column name="Modelo" id="46641157-8B85-2424-15E4-2392D6F7830A">
<createdBy>sebastianolaveyanez</createdBy>
<createdTime>2024-09-09 01:56:55 UTC</createdTime>
<generatorID>96C50040-AF2C-6059-57B6-9BB8A290AA0B</generatorID>
<ownerDesignName>BBDD3</ownerDesignName>
<useDomainConstraints>false</useDomainConstraints>
<use>1</use>
<logicalDatatype>LOGDT024</logicalDatatype>
<dataTypeSize>20 BYTE</dataTypeSize>
<ownDataTypeParameters>20 BYTE,,</ownDataTypeParameters>
<autoIncrementCycle>false</autoIncrementCycle>
</Column>
<Column name="Año" id="00899F5F-FA4E-94EB-1321-975B61CC4D71">
<createdBy>sebastianolaveyanez</createdBy>
<createdTime>2024-09-09 01:56:55 UTC</createdTime>
<generatorID>9D979644-970F-6778-05CD-038E7530F70D</generatorID>
<ownerDesignName>BBDD3</ownerDesignName>
<useDomainConstraints>false</useDomainConstraints>
<use>1</use>
<logicalDatatype>LOGDT007</logicalDatatype>
<ownDataTypeParameters>,,</ownDataTypeParameters>
<autoIncrementCycle>false</autoIncrementCycle>
</Column>
<Column name="Color" id="925F59B9-3633-64EB-D8A3-3EE146CB557D">
<createdBy>sebastianolaveyanez</createdBy>
<createdTime>2024-09-09 01:56:55 UTC</createdTime>
<generatorID>5A9641D9-404F-F5BE-8124-9D15716596A7</generatorID>
<ownerDesignName>BBDD3</ownerDesignName>
<useDomainConstraints>false</useDomainConstraints>
<use>1</use>
<logicalDatatype>LOGDT024</logicalDatatype>
<dataTypeSize>20 BYTE</dataTypeSize>
<ownDataTypeParameters>20 BYTE,,</ownDataTypeParameters>
<autoIncrementCycle>false</autoIncrementCycle>
</Column>
<Column name="DETALLE_CLIENTE_ID_Cliente" id="5E7EF683-F58A-30C8-8115-40E73A4B2F83">
<createdBy>sebastianolaveyanez</createdBy>
<createdTime>2024-09-09 01:56:55 UTC</createdTime>
<generatorID>1EAB93E9-14CB-9C71-1B46-E8DCEB03FD52</generatorID>
<ownerDesignName>BBDD3</ownerDesignName>
<useDomainConstraints>false</useDomainConstraints>
<use>1</use>
<logicalDatatype>LOGDT011</logicalDatatype>
<ownDataTypeParameters>,,</ownDataTypeParameters>
<previousColumn>false</previousColumn>
<autoIncrementCycle>false</autoIncrementCycle>
<associations>
<colAssociation fkAssociation="B3F21484-E1B2-E0DC-23C9-FDBEE626A570" referredColumn="C199BC3A-80A0-5DD0-6D19-AE825E682847"/>
</associations>
</Column>
<Column name="ORDEN_TRABAJO_Numero_Orden_Trabajo" id="F4353937-5AF5-668D-A8B4-B3AF14287418">
<createdBy>sebastianolaveyanez</createdBy>
<createdTime>2024-09-09 01:56:55 UTC</createdTime>
<generatorID>655427A5-4E1A-80AC-5AD5-D9443590A242</generatorID>
<ownerDesignName>BBDD3</ownerDesignName>
<useDomainConstraints>false</useDomainConstraints>
<use>1</use>
<logicalDatatype>LOGDT011</logicalDatatype>
<ownDataTypeParameters>,,</ownDataTypeParameters>
<previousColumn>false</previousColumn>
<autoIncrementCycle>false</autoIncrementCycle>
<associations>
<colAssociation fkAssociation="B76CF37B-B269-2884-0B99-C8EDA8BE90CA" referredColumn="B71DEB78-2227-D18A-5DBF-FE9AF323F8F1"/>
</associations>
</Column>
</columns>
<indexes itemClass="oracle.dbtools.crest.model.design.relational.Index">
<ind_PK_UK id="8BB35C12-7043-D646-935B-71652A853265" name="VEHICULO_PK">
<createdBy>sebastianolaveyanez</createdBy>
<createdTime>2024-09-09 01:56:55 UTC</createdTime>
<generatorID>857B7F04-83CE-311F-1507-E6B1D614A04B</generatorID>
<ownerDesignName>BBDD3</ownerDesignName>
<pk>true</pk>
<indexState>Primary Constraint</indexState>
<isSurrogateKey>false</isSurrogateKey>
<indexColumnUsage>
<colUsage columnID="A5C9DD92-DBF0-D19C-7784-C7819EB554F5"/>
</indexColumnUsage>
</ind_PK_UK>
<ind_PK_UK id="A9828175-00C6-1A97-F272-8F38D6C4310B" name="VEHICULO__IDX">
<createdBy>sebastianolaveyanez</createdBy>
<createdTime>2024-09-09 01:56:55 UTC</createdTime>
<ownerDesignName>BBDD3</ownerDesignName>
<indexState>Unique Plain Index</indexState>
<isSurrogateKey>false</isSurrogateKey>
<relationGeneratorID>A0C0CE36-1F70-76F1-E322-EBEE9B9619C2</relationGeneratorID>
<indexColumnUsage>
<colUsage columnID="F4353937-5AF5-668D-A8B4-B3AF14287418"/>
</indexColumnUsage>
</ind_PK_UK>
<ind_PK_UK id="48572105-7AB3-AC66-EAB7-7843F81C9B54" name="VEHICULO_DETALLE_CLIENTE_FK">
<createdBy>sebastianolaveyanez</createdBy>
<createdTime>2024-09-09 01:56:55 UTC</createdTime>
<generatorID>0B4F0242-99D6-A87A-3DAB-72E886CD9610</generatorID>
<ownerDesignName>BBDD3</ownerDesignName>
<indexState>Foreign Key</indexState>
<isSurrogateKey>false</isSurrogateKey>
<indexColumnUsage>
<colUsage columnID="5E7EF683-F58A-30C8-8115-40E73A4B2F83"/>
</indexColumnUsage>
</ind_PK_UK>
<ind_PK_UK id="67127010-540F-90D4-4E7C-7CEC7DBC3734" name="VEHICULO_ORDEN_TRABAJO_FK">
<createdBy>sebastianolaveyanez</createdBy>
<createdTime>2024-09-09 01:56:55 UTC</createdTime>
<generatorID>A0C0CE36-1F70-76F1-E322-EBEE9B9619C2</generatorID>
<ownerDesignName>BBDD3</ownerDesignName>
<indexState>Foreign Key</indexState>
<isSurrogateKey>false</isSurrogateKey>
<indexColumnUsage>
<colUsage columnID="F4353937-5AF5-668D-A8B4-B3AF14287418"/>
</indexColumnUsage>
</ind_PK_UK>
</indexes>
</Table>