<?xml version = '1.0' encoding = 'UTF-8'?>
<Table class="oracle.dbtools.crest.model.design.relational.Table" directorySegmentName="seg_0" id="D9163427-158F-4541-68C2-4D8726EEF953" name="DETALLE_CLIENTE">
<createdBy>sebastianolaveyanez</createdBy>
<createdTime>2024-09-09 01:56:55 UTC</createdTime>
<generatorID>2CAC2716-12DC-7555-F237-3D2D3A911890</generatorID>
<ownerDesignName>BBDD3</ownerDesignName>
<allowColumnReorder>false</allowColumnReorder>
<existDependencyGenerateInDDl>true</existDependencyGenerateInDDl>
<parsed>true</parsed>
<columns itemClass="oracle.dbtools.crest.model.design.relational.Column">
<Column name="ID_Cliente" id="C199BC3A-80A0-5DD0-6D19-AE825E682847">
<createdBy>sebastianolaveyanez</createdBy>
<createdTime>2024-09-09 01:56:55 UTC</createdTime>
<generatorID>8553552D-2717-FBA1-07FD-09F652058AD6</generatorID>
<ownerDesignName>BBDD3</ownerDesignName>
<useDomainConstraints>false</useDomainConstraints>
<use>1</use>
<logicalDatatype>LOGDT011</logicalDatatype>
<ownDataTypeParameters>,,</ownDataTypeParameters>
<autoIncrementCycle>false</autoIncrementCycle>
</Column>
<Column name="Domicilio" id="6CFDF2A2-02CB-0B5B-DDD9-9C001B46724F">
<createdBy>sebastianolaveyanez</createdBy>
<createdTime>2024-09-09 01:56:55 UTC</createdTime>
<generatorID>BECE849B-170C-068B-5D68-B22F19577288</generatorID>
<ownerDesignName>BBDD3</ownerDesignName>
<useDomainConstraints>false</useDomainConstraints>
<use>1</use>
<logicalDatatype>LOGDT024</logicalDatatype>
<dataTypeSize>20 BYTE</dataTypeSize>
<ownDataTypeParameters>20 BYTE,,</ownDataTypeParameters>
<autoIncrementCycle>false</autoIncrementCycle>
</Column>
<Column name="Teléfono" id="F0BFAF44-896A-20BB-2C54-39BC37536841">
<createdBy>sebastianolaveyanez</createdBy>
<createdTime>2024-09-09 01:56:55 UTC</createdTime>
<generatorID>6AF15CEB-4B13-C396-35A7-47A148D1460A</generatorID>
<ownerDesignName>BBDD3</ownerDesignName>
<useDomainConstraints>false</useDomainConstraints>
<use>1</use>
<logicalDatatype>LOGDT019</logicalDatatype>
<dataTypePrecision>12</dataTypePrecision>
<ownDataTypeParameters>,12,</ownDataTypeParameters>
<autoIncrementCycle>false</autoIncrementCycle>
</Column>
<Column name="Correo_Electrónico" id="E75930AF-A21F-FF82-4D96-B68E22C9A77D">
<createdBy>sebastianolaveyanez</createdBy>
<createdTime>2024-09-09 01:56:55 UTC</createdTime>
<generatorID>FB098E38-ABCC-85FE-B820-F41EF79ADD58</generatorID>
<ownerDesignName>BBDD3</ownerDesignName>
<useDomainConstraints>false</useDomainConstraints>
<use>1</use>
<logicalDatatype>LOGDT024</logicalDatatype>
<dataTypeSize>20 BYTE</dataTypeSize>
<ownDataTypeParameters>20 BYTE,,</ownDataTypeParameters>
<autoIncrementCycle>false</autoIncrementCycle>
</Column>
<Column name="CLIENTE_RUT_Cliente" id="67BA3FA2-85E6-A3A5-09F9-1004A81EFCD6">
<createdBy>sebastianolaveyanez</createdBy>
<createdTime>2024-09-09 01:56:55 UTC</createdTime>
<generatorID>A7CDA0EE-870F-523A-FDFC-7D69AC670139</generatorID>
<ownerDesignName>BBDD3</ownerDesignName>
<useDomainConstraints>false</useDomainConstraints>
<use>1</use>
<logicalDatatype>LOGDT024</logicalDatatype>
<dataTypeSize>10 BYTE</dataTypeSize>
<ownDataTypeParameters>,,</ownDataTypeParameters>
<previousColumn>false</previousColumn>
<autoIncrementCycle>false</autoIncrementCycle>
<associations>
<colAssociation fkAssociation="FFE7327A-3C60-C43B-CC6B-81A34E228CDF" referredColumn="05C99DE0-B037-0BF3-48A6-A43248E96364"/>
</associations>
</Column>
</columns>
<indexes itemClass="oracle.dbtools.crest.model.design.relational.Index">
<ind_PK_UK id="3FCEE803-D94A-91F8-8BD5-74415204E8EE" name="DETALLE_CLIENTE_PK">
<createdBy>sebastianolaveyanez</createdBy>
<createdTime>2024-09-09 01:56:55 UTC</createdTime>
<generatorID>317FCD84-3E52-43F3-6632-D00A4B2108A8</generatorID>
<ownerDesignName>BBDD3</ownerDesignName>
<pk>true</pk>
<indexState>Primary Constraint</indexState>
<isSurrogateKey>false</isSurrogateKey>
<indexColumnUsage>
<colUsage columnID="C199BC3A-80A0-5DD0-6D19-AE825E682847"/>
</indexColumnUsage>
</ind_PK_UK>
<ind_PK_UK id="EA467A60-6F6C-A394-0C36-7F344E899A97" name="DETALLE_CLIENTE__IDX">
<createdBy>sebastianolaveyanez</createdBy>
<createdTime>2024-09-09 01:56:55 UTC</createdTime>
<ownerDesignName>BBDD3</ownerDesignName>
<indexState>Unique Plain Index</indexState>
<isSurrogateKey>false</isSurrogateKey>
<relationGeneratorID>CCE77606-20BB-EAA9-638B-DCEDB46CD579</relationGeneratorID>
<indexColumnUsage>
<colUsage columnID="67BA3FA2-85E6-A3A5-09F9-1004A81EFCD6"/>
</indexColumnUsage>
</ind_PK_UK>
<ind_PK_UK id="009AB756-E621-7CF7-7790-07D934DE0D23" name="DETALLE_CLIENTE_CLIENTE_FK">
<createdBy>sebastianolaveyanez</createdBy>
<createdTime>2024-09-09 01:56:55 UTC</createdTime>
<generatorID>CCE77606-20BB-EAA9-638B-DCEDB46CD579</generatorID>
<ownerDesignName>BBDD3</ownerDesignName>
<indexState>Foreign Key</indexState>
<isSurrogateKey>false</isSurrogateKey>
<indexColumnUsage>
<colUsage columnID="67BA3FA2-85E6-A3A5-09F9-1004A81EFCD6"/>
</indexColumnUsage>
</ind_PK_UK>
</indexes>
</Table>