<?xml version = '1.0' encoding = 'UTF-8'?>
<Table class="oracle.dbtools.crest.model.design.relational.Table" directorySegmentName="seg_0" id="E5944124-4E89-E8C5-16EB-79F76709DA27" name="ORDEN_TRABAJO">
<createdBy>sebastianolaveyanez</createdBy>
<createdTime>2024-09-09 01:56:55 UTC</createdTime>
<generatorID>EF84E24C-1CF4-C694-85D3-EFDEF71CEE21</generatorID>
<ownerDesignName>BBDD3</ownerDesignName>
<allowColumnReorder>false</allowColumnReorder>
<existDependencyGenerateInDDl>true</existDependencyGenerateInDDl>
<parsed>true</parsed>
<columns itemClass="oracle.dbtools.crest.model.design.relational.Column">
<Column name="Numero_Orden_Trabajo" id="B71DEB78-2227-D18A-5DBF-FE9AF323F8F1">
<createdBy>sebastianolaveyanez</createdBy>
<createdTime>2024-09-09 01:56:55 UTC</createdTime>
<generatorID>989EC772-9992-448E-287B-028B2BA64DAD</generatorID>
<ownerDesignName>BBDD3</ownerDesignName>
<useDomainConstraints>false</useDomainConstraints>
<use>1</use>
<logicalDatatype>LOGDT011</logicalDatatype>
<ownDataTypeParameters>,,</ownDataTypeParameters>
<autoIncrementCycle>false</autoIncrementCycle>
</Column>
<Column name="ORDEN_ATENCION_Numero_Orden_Atención" id="E49B560E-F7AC-BCF0-0ED6-537C228F4A6E">
<createdBy>sebastianolaveyanez</createdBy>
<createdTime>2024-09-09 01:56:55 UTC</createdTime>
<generatorID>1610EFF9-EA5C-21A0-76E5-CCC50050FA7B</generatorID>
<ownerDesignName>BBDD3</ownerDesignName>
<useDomainConstraints>false</useDomainConstraints>
<use>1</use>
<logicalDatatype>LOGDT011</logicalDatatype>
<ownDataTypeParameters>,,</ownDataTypeParameters>
<previousColumn>false</previousColumn>
<autoIncrementCycle>false</autoIncrementCycle>
<associations>
<colAssociation fkAssociation="70B274C8-7B9A-BAB4-1E92-DF4F4B01DA66" referredColumn="9087BD14-7B48-974C-B7A5-9FF2F314EF8A"/>
</associations>
</Column>
<Column name="VEHICULO_Patente_Vehiculo" id="F2BDC1A8-08FF-E6C6-C356-1FF40E0E75E8">
<createdBy>sebastianolaveyanez</createdBy>
<createdTime>2024-09-09 01:56:55 UTC</createdTime>
<generatorID>4B962027-1A75-82B4-322E-7C128FF83065</generatorID>
<ownerDesignName>BBDD3</ownerDesignName>
<useDomainConstraints>false</useDomainConstraints>
<use>1</use>
<logicalDatatype>LOGDT024</logicalDatatype>
<dataTypeSize>11 BYTE</dataTypeSize>
<ownDataTypeParameters>,,</ownDataTypeParameters>
<previousColumn>false</previousColumn>
<autoIncrementCycle>false</autoIncrementCycle>
<associations>
<colAssociation fkAssociation="56D3FF58-A588-DB93-ACEA-148D3DCAA6F0" referredColumn="A5C9DD92-DBF0-D19C-7784-C7819EB554F5"/>
</associations>
</Column>
</columns>
<indexes itemClass="oracle.dbtools.crest.model.design.relational.Index">
<ind_PK_UK id="CB0E4CD9-1D32-FBC2-6525-70AE722EA309" name="ORDEN_TRABAJO_PK">
<createdBy>sebastianolaveyanez</createdBy>
<createdTime>2024-09-09 01:56:55 UTC</createdTime>
<generatorID>8B68E252-5E30-3DBE-3941-B8B1DBE2DA35</generatorID>
<ownerDesignName>BBDD3</ownerDesignName>
<pk>true</pk>
<indexState>Primary Constraint</indexState>
<isSurrogateKey>false</isSurrogateKey>
<indexColumnUsage>
<colUsage columnID="B71DEB78-2227-D18A-5DBF-FE9AF323F8F1"/>
</indexColumnUsage>
</ind_PK_UK>
<ind_PK_UK id="AAF61F8D-BF5D-3429-FD65-4050AA20688A" name="ORDEN_TRABAJO__IDX">
<createdBy>sebastianolaveyanez</createdBy>
<createdTime>2024-09-09 01:56:55 UTC</createdTime>
<ownerDesignName>BBDD3</ownerDesignName>
<indexState>Unique Plain Index</indexState>
<isSurrogateKey>false</isSurrogateKey>
<relationGeneratorID>60E0DEA3-D702-D4B6-C3F9-59B6B18209AA</relationGeneratorID>
<indexColumnUsage>
<colUsage columnID="E49B560E-F7AC-BCF0-0ED6-537C228F4A6E"/>
</indexColumnUsage>
</ind_PK_UK>
<ind_PK_UK id="8DB40AD9-0892-3BB7-1259-79F0600166D3" name="ORDEN_TRABAJO__IDXv1">
<createdBy>sebastianolaveyanez</createdBy>
<createdTime>2024-09-09 01:56:55 UTC</createdTime>
<ownerDesignName>BBDD3</ownerDesignName>
<indexState>Unique Plain Index</indexState>
<isSurrogateKey>false</isSurrogateKey>
<relationGeneratorID>A0C0CE36-1F70-76F1-E322-EBEE9B9619C2</relationGeneratorID>
<indexColumnUsage>
<colUsage columnID="F2BDC1A8-08FF-E6C6-C356-1FF40E0E75E8"/>
</indexColumnUsage>
</ind_PK_UK>
<ind_PK_UK id="AA08CD48-5C77-2E57-7AAC-689FFA3D4C8F" name="ORDEN_TRABAJO_ORDEN_ATENCION_FK">
<createdBy>sebastianolaveyanez</createdBy>
<createdTime>2024-09-09 01:56:55 UTC</createdTime>
<generatorID>60E0DEA3-D702-D4B6-C3F9-59B6B18209AA</generatorID>
<ownerDesignName>BBDD3</ownerDesignName>
<indexState>Foreign Key</indexState>
<isSurrogateKey>false</isSurrogateKey>
<indexColumnUsage>
<colUsage columnID="E49B560E-F7AC-BCF0-0ED6-537C228F4A6E"/>
</indexColumnUsage>
</ind_PK_UK>
<ind_PK_UK id="C1E5F219-7B9D-BE97-55E0-4612E3C93293" name="ORDEN_TRABAJO_VEHICULO_FK">
<createdBy>sebastianolaveyanez</createdBy>
<createdTime>2024-09-09 01:56:55 UTC</createdTime>
<generatorID>A0C0CE36-1F70-76F1-E322-EBEE9B9619C2</generatorID>
<ownerDesignName>BBDD3</ownerDesignName>
<indexState>Foreign Key</indexState>
<isSurrogateKey>false</isSurrogateKey>
<indexColumnUsage>
<colUsage columnID="F2BDC1A8-08FF-E6C6-C356-1FF40E0E75E8"/>
</indexColumnUsage>
</ind_PK_UK>
</indexes>
</Table>