<?xml version = '1.0' encoding = 'UTF-8'?>
<Relation class="oracle.dbtools.crest.model.design.logical.InheritanceRelation" name="Hierarchy_2" directorySegmentName="seg_0" id="BAB0ED2B-13D0-8E54-E3BB-46F1BA387C58">
<createdBy>sebastianolaveyanez</createdBy>
<createdTime>2024-09-16 21:22:34 UTC</createdTime>
<ownerDesignName>BBDD4Sumativa</ownerDesignName>
<engineerTo>
<item key="6FB4D84E-A325-E808-F8F6-DB23DDCC06F0" value="true"/>
</engineerTo>
<identifying>false</identifying>
<nameOnSource>Super Type</nameOnSource>
<nameOnTarget>Sub Type</nameOnTarget>
<optionalSource>true</optionalSource>
<optionalTarget>true</optionalTarget>
<sourceEntity>D64A04F8-EFC5-9275-9494-30500AD7FCDD</sourceEntity>
<targetEntity>7086C7EB-03CB-CA8F-FD18-2766A6CC5B60</targetEntity>
<transferable>true</transferable>
<deleteRule>NO ACTION</deleteRule>
</Relation>