<?xml version = '1.0' encoding = 'UTF-8'?>
<Relation class="oracle.dbtools.crest.model.design.logical.InheritanceRelation" name="Hierarchy_1" directorySegmentName="seg_0" id="E95E94D4-E5D9-ABC3-BA96-3FA6C17D2A1C">
<createdBy>sebastianolaveyanez</createdBy>
<createdTime>2024-09-16 21:21:09 UTC</createdTime>
<ownerDesignName>BBDD4Sumativa</ownerDesignName>
<engineerTo>
<item key="6FB4D84E-A325-E808-F8F6-DB23DDCC06F0" value="true"/>
</engineerTo>
<identifying>false</identifying>
<nameOnSource>Super Type</nameOnSource>
<nameOnTarget>Sub Type</nameOnTarget>
<optionalSource>true</optionalSource>
<optionalTarget>true</optionalTarget>
<sourceEntity>8271D8CD-01C7-2384-7DFF-4A34FF6CDFAB</sourceEntity>
<targetEntity>F68CB1B4-B0CC-9BD7-9AE1-EC1455F0FCEA</targetEntity>
<transferable>true</transferable>
<deleteRule>NO ACTION</deleteRule>
</Relation>