<?xml version = '1.0' encoding = 'UTF-8'?>
<Relation class="oracle.dbtools.crest.model.design.logical.Relation" name="Relation_5" directorySegmentName="seg_0" id="02BEB50E-E17A-CFAB-0307-D8CEC43F2131">
<createdBy>sebastianolaveyanez</createdBy>
<createdTime>2024-09-16 21:19:30 UTC</createdTime>
<ownerDesignName>BBDD4Sumativa</ownerDesignName>
<engineerTo>
<item key="6FB4D84E-A325-E808-F8F6-DB23DDCC06F0" value="true"/>
</engineerTo>
<sourcePk>FBB5BBB2-B743-146D-1640-2F1CD2E2760C</sourcePk>
<targetPk>E874A04E-01DC-7A36-9083-8ACC3A4783F6</targetPk>
<identifying>false</identifying>
<optionalSource>false</optionalSource>
<optionalTarget>false</optionalTarget>
<sourceCardinality>1</sourceCardinality>
<sourceEntity>F3264013-0063-AEC2-6268-1EF102BB0718</sourceEntity>
<targetCardinalityString>1</targetCardinalityString>
<targetEntity>D64A04F8-EFC5-9275-9494-30500AD7FCDD</targetEntity>
<transferable>true</transferable>
<deleteRule>NO ACTION</deleteRule>
</Relation>