<?xml version = '1.0' encoding = 'UTF-8'?>
<Relation class="oracle.dbtools.crest.model.design.logical.Relation" name="Relation_6" directorySegmentName="seg_0" id="576D0885-F07F-43DB-8072-0D330CFCA200">
<createdBy>sebastianolaveyanez</createdBy>
<createdTime>2024-09-16 21:19:53 UTC</createdTime>
<ownerDesignName>BBDD4Sumativa</ownerDesignName>
<engineerTo>
<item key="6FB4D84E-A325-E808-F8F6-DB23DDCC06F0" value="true"/>
</engineerTo>
<sourcePk>E874A04E-01DC-7A36-9083-8ACC3A4783F6</sourcePk>
<identifying>true</identifying>
<optionalSource>false</optionalSource>
<optionalTarget>false</optionalTarget>
<sourceCardinality>1</sourceCardinality>
<sourceEntity>D64A04F8-EFC5-9275-9494-30500AD7FCDD</sourceEntity>
<targetCardinalityString>*</targetCardinalityString>
<targetEntity>7086C7EB-03CB-CA8F-FD18-2766A6CC5B60</targetEntity>
<transferable>true</transferable>
<deleteRule>NO ACTION</deleteRule>
</Relation>