<?xml version = '1.0' encoding = 'UTF-8'?>
<Relation class="oracle.dbtools.crest.model.design.logical.Relation" name="Relation_3" directorySegmentName="seg_0" id="58A5A725-1FCE-1039-FB3F-6D9164214F6A">
<createdBy>sebastianolaveyanez</createdBy>
<createdTime>2024-09-16 21:18:39 UTC</createdTime>
<ownerDesignName>BBDD4Sumativa</ownerDesignName>
<engineerTo>
<item key="6FB4D84E-A325-E808-F8F6-DB23DDCC06F0" value="true"/>
</engineerTo>
<sourcePk>0F57F70E-5D28-ADF0-409E-94E14466EF9F</sourcePk>
<identifying>false</identifying>
<optionalSource>false</optionalSource>
<optionalTarget>false</optionalTarget>
<sourceCardinality>1</sourceCardinality>
<sourceEntity>8D86A603-42BF-DE07-F1EE-069EE681A932</sourceEntity>
<targetCardinalityString>*</targetCardinalityString>
<targetEntity>F3264013-0063-AEC2-6268-1EF102BB0718</targetEntity>
<transferable>true</transferable>
<deleteRule>NO ACTION</deleteRule>
</Relation>