<?xml version = '1.0' encoding = 'UTF-8'?>
<Relation class="oracle.dbtools.crest.model.design.logical.Relation" name="Relation_1" directorySegmentName="seg_0" id="5DA12E8F-2D19-A5E1-0D4D-346868D7FF6E">
<createdBy>sebastianolaveyanez</createdBy>
<createdTime>2024-09-16 21:17:10 UTC</createdTime>
<ownerDesignName>BBDD4Sumativa</ownerDesignName>
<engineerTo>
<item key="6FB4D84E-A325-E808-F8F6-DB23DDCC06F0" value="true"/>
</engineerTo>
<sourcePk>DC46866E-8D2A-DB5C-484B-A93C483D86D7</sourcePk>
<targetPk>AA1E94EA-0CF4-F249-C12A-43C372ACA880</targetPk>
<identifying>false</identifying>
<optionalSource>false</optionalSource>
<optionalTarget>false</optionalTarget>
<sourceCardinality>1</sourceCardinality>
<sourceEntity>8271D8CD-01C7-2384-7DFF-4A34FF6CDFAB</sourceEntity>
<targetCardinalityString>1</targetCardinalityString>
<targetEntity>F68CB1B4-B0CC-9BD7-9AE1-EC1455F0FCEA</targetEntity>
<transferable>true</transferable>
<deleteRule>NO ACTION</deleteRule>
</Relation>