<?xml version = '1.0' encoding = 'UTF-8'?>
<Relation class="oracle.dbtools.crest.model.design.logical.Relation" name="Relation_7" directorySegmentName="seg_0" id="959DCC12-55B7-EE84-4512-D80FD044B7FD">
<createdBy>sebastianolaveyanez</createdBy>
<createdTime>2024-09-16 21:20:22 UTC</createdTime>
<ownerDesignName>BBDD4Sumativa</ownerDesignName>
<engineerTo>
<item key="6FB4D84E-A325-E808-F8F6-DB23DDCC06F0" value="true"/>
</engineerTo>
<sourcePk>FBB5BBB2-B743-146D-1640-2F1CD2E2760C</sourcePk>
<targetPk>9C92594F-DFE8-3BB5-AFD9-C771EED2CC7E</targetPk>
<identifying>false</identifying>
<optionalSource>false</optionalSource>
<optionalTarget>false</optionalTarget>
<sourceCardinality>1</sourceCardinality>
<sourceEntity>F3264013-0063-AEC2-6268-1EF102BB0718</sourceEntity>
<targetCardinalityString>1</targetCardinalityString>
<targetEntity>E1320CED-4575-09C2-43E8-92A13A491E7D</targetEntity>
<transferable>true</transferable>
<deleteRule>NO ACTION</deleteRule>
</Relation>