<?xml version = '1.0' encoding = 'UTF-8'?>
<Relation class="oracle.dbtools.crest.model.design.logical.Relation" name="Relation_2" directorySegmentName="seg_0" id="B5EA50CF-4BCB-DF33-F4DE-1810A3918F4B">
<createdBy>sebastianolaveyanez</createdBy>
<createdTime>2024-09-16 21:17:29 UTC</createdTime>
<ownerDesignName>BBDD4Sumativa</ownerDesignName>
<engineerTo>
<item key="6FB4D84E-A325-E808-F8F6-DB23DDCC06F0" value="true"/>
</engineerTo>
<targetTransferable>false</targetTransferable>
<sourcePk>AA1E94EA-0CF4-F249-C12A-43C372ACA880</sourcePk>
<identifying>true</identifying>
<optionalSource>false</optionalSource>
<optionalTarget>false</optionalTarget>
<sourceCardinality>1</sourceCardinality>
<sourceEntity>F68CB1B4-B0CC-9BD7-9AE1-EC1455F0FCEA</sourceEntity>
<targetCardinalityString>*</targetCardinalityString>
<targetEntity>8D86A603-42BF-DE07-F1EE-069EE681A932</targetEntity>
<transferable>true</transferable>
<deleteRule>NO ACTION</deleteRule>
</Relation>