<?xml version = '1.0' encoding = 'UTF-8'?>
<Relation class="oracle.dbtools.crest.model.design.logical.Relation" name="Relation_4" directorySegmentName="seg_0" id="FE06F4F1-83E7-3631-7F98-F9EE9CF6C08D">
<createdBy>sebastianolaveyanez</createdBy>
<createdTime>2024-09-16 21:19:12 UTC</createdTime>
<ownerDesignName>BBDD4Sumativa</ownerDesignName>
<engineerTo>
<item key="6FB4D84E-A325-E808-F8F6-DB23DDCC06F0" value="true"/>
</engineerTo>
<sourcePk>DC46866E-8D2A-DB5C-484B-A93C483D86D7</sourcePk>
<identifying>false</identifying>
<optionalSource>false</optionalSource>
<optionalTarget>false</optionalTarget>
<sourceCardinality>1</sourceCardinality>
<sourceEntity>8271D8CD-01C7-2384-7DFF-4A34FF6CDFAB</sourceEntity>
<targetCardinalityString>*</targetCardinalityString>
<targetEntity>F3264013-0063-AEC2-6268-1EF102BB0718</targetEntity>
<transferable>true</transferable>
<deleteRule>NO ACTION</deleteRule>
</Relation>