<?xml version = '1.0' encoding = 'UTF-8'?>
<Entity class="oracle.dbtools.crest.model.design.logical.Entity" directorySegmentName="seg_0" id="0EE9C3F6-4412-31FF-0E2E-9D8B9FA7CE16" name="DETALLE_SERVICIO">
<createdBy>sebastianolaveyanez</createdBy>
<createdTime>2024-09-03 00:58:25 UTC</createdTime>
<ownerDesignName>BBDD3</ownerDesignName>
<engineerTo>
<item key="2EFBC7C4-68FB-BDA1-8490-DD55EFBFCCB0" value="true"/>
</engineerTo>
<adequatelyNormalized>NO</adequatelyNormalized>
<expectedVolumes>0</expectedVolumes>
<fwdEngineeringStrategyName>Single Table</fwdEngineeringStrategyName>
<growthPercent>0</growthPercent>
<growthType>Year</growthType>
<maxVolumes>9999999</maxVolumes>
<minVolumes>0</minVolumes>
<normalForm>Third</normalForm>
<attributes itemClass="oracle.dbtools.crest.model.design.logical.Attribute">
<Attribute name="ID_Servicio" id="C5619CBF-C8A9-0D04-AEF3-6E664F997EA6">
<createdBy>sebastianolaveyanez</createdBy>
<createdTime>2024-09-03 00:59:13 UTC</createdTime>
<ownerDesignName>BBDD3</ownerDesignName>
<engineerTo>
<item key="2EFBC7C4-68FB-BDA1-8490-DD55EFBFCCB0" value="true"/>
</engineerTo>
<useDomainConstraints>false</useDomainConstraints>
<use>1</use>
<logicalDatatype>LOGDT011</logicalDatatype>
<ownDataTypeParameters>,,</ownDataTypeParameters>
</Attribute>
<Attribute name="Tipo_Servicio" id="C96B730A-0130-E74A-CF86-8DFE9FD3B78A">
<createdBy>sebastianolaveyanez</createdBy>
<createdTime>2024-09-03 00:59:53 UTC</createdTime>
<ownerDesignName>BBDD3</ownerDesignName>
<engineerTo>
<item key="2EFBC7C4-68FB-BDA1-8490-DD55EFBFCCB0" value="true"/>
</engineerTo>
<useDomainConstraints>false</useDomainConstraints>
<use>1</use>
<logicalDatatype>LOGDT024</logicalDatatype>
<dataTypeSize>20 BYTE</dataTypeSize>
<ownDataTypeParameters>20 BYTE,,</ownDataTypeParameters>
</Attribute>
<Attribute name="Coste_Mano_Obra" id="4953A1A2-0E22-DD6A-99EB-A9BA0546D064">
<createdBy>sebastianolaveyanez</createdBy>
<createdTime>2024-09-03 01:00:12 UTC</createdTime>
<ownerDesignName>BBDD3</ownerDesignName>
<engineerTo>
<item key="2EFBC7C4-68FB-BDA1-8490-DD55EFBFCCB0" value="true"/>
</engineerTo>
<useDomainConstraints>false</useDomainConstraints>
<use>1</use>
<logicalDatatype>LOGDT011</logicalDatatype>
<ownDataTypeParameters>,,</ownDataTypeParameters>
</Attribute>
<Attribute name="Numero_Orden_Trabajo" id="5BD8DD98-1B76-8D8C-92E8-9AD9EFFE4BE2">
<createdBy>sebastianolaveyanez</createdBy>
<createdTime>2024-09-03 01:21:49 UTC</createdTime>
<generatorID>BCFA3B26-CEF7-2A56-48C8-B14315E47B9C</generatorID>
<ownerDesignName>BBDD3</ownerDesignName>
<engineerTo>
<item key="2EFBC7C4-68FB-BDA1-8490-DD55EFBFCCB0" value="true"/>
</engineerTo>
<referedAttribute>989EC772-9992-448E-287B-028B2BA64DAD</referedAttribute>
<useDomainConstraints>false</useDomainConstraints>
<use>1</use>
<logicalDatatype>LOGDT011</logicalDatatype>
<ownDataTypeParameters>,,</ownDataTypeParameters>
</Attribute>
</attributes>
<identifiers itemClass="oracle.dbtools.crest.model.design.logical.CandidateKey">
<identifier id="5E523390-649A-1CCC-71AA-6EB2C3C645FF" name="DETALLE_SERVICIO PK">
<createdBy>sebastianolaveyanez</createdBy>
<createdTime>2024-09-03 00:59:49 UTC</createdTime>
<ownerDesignName>BBDD3</ownerDesignName>
<engineerTo>
<item key="2EFBC7C4-68FB-BDA1-8490-DD55EFBFCCB0" value="true"/>
</engineerTo>
<pk>true</pk>
<usedAttributes>
<attributeRef>C5619CBF-C8A9-0D04-AEF3-6E664F997EA6</attributeRef>
</usedAttributes>
</identifier>
</identifiers>
</Entity>