<?xml version = '1.0' encoding = 'UTF-8'?>
<Entity class="oracle.dbtools.crest.model.design.logical.Entity" directorySegmentName="seg_0" id="350D96E1-0D5F-B029-FDA1-EC85C74C85CC" name="VEHICULO">
<createdBy>sebastianolaveyanez</createdBy>
<createdTime>2024-09-03 00:54:59 UTC</createdTime>
<ownerDesignName>BBDD3</ownerDesignName>
<engineerTo>
<item key="2EFBC7C4-68FB-BDA1-8490-DD55EFBFCCB0" value="true"/>
</engineerTo>
<adequatelyNormalized>NO</adequatelyNormalized>
<expectedVolumes>0</expectedVolumes>
<fwdEngineeringStrategyName>Single Table</fwdEngineeringStrategyName>
<growthPercent>0</growthPercent>
<growthType>Year</growthType>
<maxVolumes>9999999</maxVolumes>
<minVolumes>0</minVolumes>
<normalForm>Third</normalForm>
<attributes itemClass="oracle.dbtools.crest.model.design.logical.Attribute">
<Attribute name="Patente_Vehiculo" id="CD15B2C0-A11C-B3E5-31CD-8E6B8D866DEA">
<createdBy>sebastianolaveyanez</createdBy>
<createdTime>2024-09-03 00:55:15 UTC</createdTime>
<ownerDesignName>BBDD3</ownerDesignName>
<engineerTo>
<item key="2EFBC7C4-68FB-BDA1-8490-DD55EFBFCCB0" value="true"/>
</engineerTo>
<useDomainConstraints>false</useDomainConstraints>
<use>1</use>
<logicalDatatype>LOGDT024</logicalDatatype>
<dataTypeSize>11 BYTE</dataTypeSize>
<ownDataTypeParameters>11 BYTE,,</ownDataTypeParameters>
</Attribute>
<Attribute name="Marca" id="3F859547-72AE-C5CF-33C7-2F6AC5BD36F5">
<createdBy>sebastianolaveyanez</createdBy>
<createdTime>2024-09-03 00:55:43 UTC</createdTime>
<ownerDesignName>BBDD3</ownerDesignName>
<engineerTo>
<item key="2EFBC7C4-68FB-BDA1-8490-DD55EFBFCCB0" value="true"/>
</engineerTo>
<useDomainConstraints>false</useDomainConstraints>
<use>1</use>
<logicalDatatype>LOGDT024</logicalDatatype>
<dataTypeSize>20 BYTE</dataTypeSize>
<ownDataTypeParameters>20 BYTE,,</ownDataTypeParameters>
</Attribute>
<Attribute name="Modelo" id="96C50040-AF2C-6059-57B6-9BB8A290AA0B">
<createdBy>sebastianolaveyanez</createdBy>
<createdTime>2024-09-03 00:56:06 UTC</createdTime>
<ownerDesignName>BBDD3</ownerDesignName>
<engineerTo>
<item key="2EFBC7C4-68FB-BDA1-8490-DD55EFBFCCB0" value="true"/>
</engineerTo>
<useDomainConstraints>false</useDomainConstraints>
<use>1</use>
<logicalDatatype>LOGDT024</logicalDatatype>
<dataTypeSize>20 BYTE</dataTypeSize>
<ownDataTypeParameters>20 BYTE,,</ownDataTypeParameters>
</Attribute>
<Attribute name="Año" id="9D979644-970F-6778-05CD-038E7530F70D">
<createdBy>sebastianolaveyanez</createdBy>
<createdTime>2024-09-03 00:56:31 UTC</createdTime>
<ownerDesignName>BBDD3</ownerDesignName>
<engineerTo>
<item key="2EFBC7C4-68FB-BDA1-8490-DD55EFBFCCB0" value="true"/>
</engineerTo>
<useDomainConstraints>false</useDomainConstraints>
<use>1</use>
<logicalDatatype>LOGDT007</logicalDatatype>
<ownDataTypeParameters>,,</ownDataTypeParameters>
</Attribute>
<Attribute name="Color" id="5A9641D9-404F-F5BE-8124-9D15716596A7">
<createdBy>sebastianolaveyanez</createdBy>
<createdTime>2024-09-03 00:56:45 UTC</createdTime>
<ownerDesignName>BBDD3</ownerDesignName>
<engineerTo>
<item key="2EFBC7C4-68FB-BDA1-8490-DD55EFBFCCB0" value="true"/>
</engineerTo>
<useDomainConstraints>false</useDomainConstraints>
<use>1</use>
<logicalDatatype>LOGDT024</logicalDatatype>
<dataTypeSize>20 BYTE</dataTypeSize>
<ownDataTypeParameters>20 BYTE,,</ownDataTypeParameters>
</Attribute>
<Attribute name="ID_Cliente" id="1EAB93E9-14CB-9C71-1B46-E8DCEB03FD52">
<createdBy>sebastianolaveyanez</createdBy>
<createdTime>2024-09-03 01:14:56 UTC</createdTime>
<generatorID>0B4F0242-99D6-A87A-3DAB-72E886CD9610</generatorID>
<ownerDesignName>BBDD3</ownerDesignName>
<engineerTo>
<item key="2EFBC7C4-68FB-BDA1-8490-DD55EFBFCCB0" value="true"/>
</engineerTo>
<referedAttribute>8553552D-2717-FBA1-07FD-09F652058AD6</referedAttribute>
<useDomainConstraints>false</useDomainConstraints>
<use>1</use>
<logicalDatatype>LOGDT011</logicalDatatype>
<ownDataTypeParameters>,,</ownDataTypeParameters>
</Attribute>
<Attribute name="Numero_Orden_Trabajo" id="655427A5-4E1A-80AC-5AD5-D9443590A242">
<createdBy>sebastianolaveyanez</createdBy>
<createdTime>2024-09-03 01:54:13 UTC</createdTime>
<generatorID>A0C0CE36-1F70-76F1-E322-EBEE9B9619C2</generatorID>
<ownerDesignName>BBDD3</ownerDesignName>
<engineerTo>
<item key="2EFBC7C4-68FB-BDA1-8490-DD55EFBFCCB0" value="true"/>
</engineerTo>
<referedAttribute>989EC772-9992-448E-287B-028B2BA64DAD</referedAttribute>
<useDomainConstraints>false</useDomainConstraints>
<use>1</use>
<logicalDatatype>LOGDT011</logicalDatatype>
<ownDataTypeParameters>,,</ownDataTypeParameters>
</Attribute>
</attributes>
<identifiers itemClass="oracle.dbtools.crest.model.design.logical.CandidateKey">
<identifier id="857B7F04-83CE-311F-1507-E6B1D614A04B" name="VEHICULO PK">
<createdBy>sebastianolaveyanez</createdBy>
<createdTime>2024-09-03 00:55:38 UTC</createdTime>
<ownerDesignName>BBDD3</ownerDesignName>
<engineerTo>
<item key="2EFBC7C4-68FB-BDA1-8490-DD55EFBFCCB0" value="true"/>
</engineerTo>
<pk>true</pk>
<usedAttributes>
<attributeRef>CD15B2C0-A11C-B3E5-31CD-8E6B8D866DEA</attributeRef>
</usedAttributes>
</identifier>
</identifiers>
</Entity>