<?xml version = '1.0' encoding = 'UTF-8'?>
<Entity class="oracle.dbtools.crest.model.design.logical.Entity" directorySegmentName="seg_0" id="7147BB1B-1C2B-7556-DC87-C4C827AF96A1" name="CLIENTE">
<createdBy>sebastianolaveyanez</createdBy>
<createdTime>2024-09-03 00:42:01 UTC</createdTime>
<ownerDesignName>BBDD3</ownerDesignName>
<engineerTo>
<item key="2EFBC7C4-68FB-BDA1-8490-DD55EFBFCCB0" value="true"/>
</engineerTo>
<adequatelyNormalized>NO</adequatelyNormalized>
<expectedVolumes>0</expectedVolumes>
<fwdEngineeringStrategyName>Single Table</fwdEngineeringStrategyName>
<growthPercent>0</growthPercent>
<growthType>Year</growthType>
<maxVolumes>9999999</maxVolumes>
<minVolumes>0</minVolumes>
<normalForm>Third</normalForm>
<attributes itemClass="oracle.dbtools.crest.model.design.logical.Attribute">
<Attribute name="RUT_Cliente" id="AE20A982-D209-6C25-FAEC-6BF09A86DA47">
<createdBy>sebastianolaveyanez</createdBy>
<createdTime>2024-09-03 00:42:37 UTC</createdTime>
<ownerDesignName>BBDD3</ownerDesignName>
<engineerTo>
<item key="2EFBC7C4-68FB-BDA1-8490-DD55EFBFCCB0" value="true"/>
</engineerTo>
<useDomainConstraints>false</useDomainConstraints>
<use>1</use>
<logicalDatatype>LOGDT024</logicalDatatype>
<dataTypeSize>10 BYTE</dataTypeSize>
<ownDataTypeParameters>10 BYTE,,</ownDataTypeParameters>
</Attribute>
<Attribute name="Nombre" id="151B17F9-B8C6-25E6-98F6-89506533BA4B">
<createdBy>sebastianolaveyanez</createdBy>
<createdTime>2024-09-03 00:44:20 UTC</createdTime>
<ownerDesignName>BBDD3</ownerDesignName>
<engineerTo>
<item key="2EFBC7C4-68FB-BDA1-8490-DD55EFBFCCB0" value="true"/>
</engineerTo>
<useDomainConstraints>false</useDomainConstraints>
<use>1</use>
<logicalDatatype>LOGDT024</logicalDatatype>
<dataTypeSize>20 BYTE</dataTypeSize>
<ownDataTypeParameters>20 BYTE,,</ownDataTypeParameters>
</Attribute>
<Attribute name="Apellido_Paterno" id="F3776149-11DE-4600-8BFC-A3E604174DCE">
<createdBy>sebastianolaveyanez</createdBy>
<createdTime>2024-09-03 00:44:53 UTC</createdTime>
<ownerDesignName>BBDD3</ownerDesignName>
<engineerTo>
<item key="2EFBC7C4-68FB-BDA1-8490-DD55EFBFCCB0" value="true"/>
</engineerTo>
<useDomainConstraints>false</useDomainConstraints>
<use>1</use>
<logicalDatatype>LOGDT024</logicalDatatype>
<dataTypeSize>20 BYTE</dataTypeSize>
<ownDataTypeParameters>20 BYTE,,</ownDataTypeParameters>
</Attribute>
<Attribute name="ID_Cliente" id="E52FC71F-4753-7B8A-BD93-9555F2285EF9">
<createdBy>sebastianolaveyanez</createdBy>
<createdTime>2024-09-03 00:51:49 UTC</createdTime>
<generatorID>CCE77606-20BB-EAA9-638B-DCEDB46CD579</generatorID>
<ownerDesignName>BBDD3</ownerDesignName>
<engineerTo>
<item key="2EFBC7C4-68FB-BDA1-8490-DD55EFBFCCB0" value="true"/>
</engineerTo>
<referedAttribute>8553552D-2717-FBA1-07FD-09F652058AD6</referedAttribute>
<useDomainConstraints>false</useDomainConstraints>
<use>1</use>
<logicalDatatype>LOGDT011</logicalDatatype>
<ownDataTypeParameters>,,</ownDataTypeParameters>
</Attribute>
<Attribute name="Numero_Orden_Atención" id="A166CABF-355B-2D1E-E139-08B18622BC5F">
<createdBy>sebastianolaveyanez</createdBy>
<createdTime>2024-09-03 01:17:09 UTC</createdTime>
<generatorID>7004D874-02E7-6CA2-D86C-034F43F3D955</generatorID>
<ownerDesignName>BBDD3</ownerDesignName>
<engineerTo>
<item key="2EFBC7C4-68FB-BDA1-8490-DD55EFBFCCB0" value="true"/>
</engineerTo>
<referedAttribute>1622518D-77B3-53B6-49AE-52433D86F406</referedAttribute>
<useDomainConstraints>false</useDomainConstraints>
<use>1</use>
<logicalDatatype>LOGDT011</logicalDatatype>
<ownDataTypeParameters>,,</ownDataTypeParameters>
</Attribute>
</attributes>
<identifiers itemClass="oracle.dbtools.crest.model.design.logical.CandidateKey">
<identifier id="04E89096-1D5D-142A-BBFA-EC58F7B967B2" name="CLIENTE PK">
<createdBy>sebastianolaveyanez</createdBy>
<createdTime>2024-09-03 00:44:11 UTC</createdTime>
<ownerDesignName>BBDD3</ownerDesignName>
<engineerTo>
<item key="2EFBC7C4-68FB-BDA1-8490-DD55EFBFCCB0" value="true"/>
</engineerTo>
<pk>true</pk>
<usedAttributes>
<attributeRef>AE20A982-D209-6C25-FAEC-6BF09A86DA47</attributeRef>
</usedAttributes>
</identifier>
</identifiers>
</Entity>