<?xml version = '1.0' encoding = 'UTF-8'?>
<Diagram class="oracle.dbtools.crest.swingui.logical.DPVLogical" name="Logical" id="D7E57313-5AAD-9FEE-D038-415A5082799D">
<createdBy>sebastianolaveyanez</createdBy>
<modifiedBy>sebastianolaveyanez</modifiedBy>
<createdTime>2024-09-03 00:42:01 UTC</createdTime>
<autoRoute>false</autoRoute>
<boxInbox>true</boxInbox>
<showLegend>false</showLegend>
<showLabels>false</showLabels>
<showRelAttributes>false</showRelAttributes>
<gridEnabled>false</gridEnabled>
<showGrid>false</showGrid>
<diagramColor>-1</diagramColor>
<display>false</display>
<notation>1</notation>
<objectViews>
<OView class="oracle.dbtools.crest.swingui.logical.TVEntity" oid="0EE9C3F6-4412-31FF-0E2E-9D8B9FA7CE16" otype="Entity" vid="5C53C09F-BA57-A0FE-C908-5E3551F57C97">
<hideElementsInCurrentOnly>false</hideElementsInCurrentOnly>
<bounds x="790" y="356" width="244" height="110"/>
</OView>
<OView class="oracle.dbtools.crest.swingui.logical.TVEntity" oid="2CAC2716-12DC-7555-F237-3D2D3A911890" otype="Entity" vid="D36E8748-1880-C11E-BE52-51887179BD6D">
<hideElementsInCurrentOnly>false</hideElementsInCurrentOnly>
<bounds x="11" y="80" width="214" height="110"/>
</OView>
<OView class="oracle.dbtools.crest.swingui.logical.TVEntity" oid="350D96E1-0D5F-B029-FDA1-EC85C74C85CC" otype="Entity" vid="D9702F06-F3D1-9137-389E-58F82D7A6FE0">
<hideElementsInCurrentOnly>false</hideElementsInCurrentOnly>
<bounds x="29" y="305" width="222" height="134"/>
</OView>
<OView class="oracle.dbtools.crest.swingui.logical.TVEntity" oid="6909B063-1338-7F5B-DAF1-CBCDC5CCD3CB" otype="Entity" vid="FD6DE8D3-593E-AED5-B309-160AB469D36B">
<hideElementsInCurrentOnly>false</hideElementsInCurrentOnly>
<bounds x="583" y="179" width="259" height="132"/>
</OView>
<OView class="oracle.dbtools.crest.swingui.logical.TVEntity" oid="7147BB1B-1C2B-7556-DC87-C4C827AF96A1" otype="Entity" vid="967B9F5D-83D7-7701-AAC2-BCAF51AB3B8A">
<hideElementsInCurrentOnly>false</hideElementsInCurrentOnly>
<bounds x="259" y="121" width="247" height="110"/>
</OView>
<OView class="oracle.dbtools.crest.swingui.logical.TVEntity" oid="C836F7E2-8112-AB68-66F0-82CF50C16A7C" otype="Entity" vid="FC7C57D3-EBB1-A68A-70FF-1FB73FB3A49E">
<hideElementsInCurrentOnly>false</hideElementsInCurrentOnly>
<bounds x="895" y="24" width="243" height="134"/>
</OView>
<OView class="oracle.dbtools.crest.swingui.logical.TVEntity" oid="EF84E24C-1CF4-C694-85D3-EFDEF71CEE21" otype="Entity" vid="4D660091-8FF6-166C-C20E-97C25369CF72">
<hideElementsInCurrentOnly>false</hideElementsInCurrentOnly>
<bounds x="434" y="377" width="247" height="110"/>
</OView>
</objectViews>
<connectors>
<Connector class="oracle.dbtools.crest.swingui.logical.TVRelation" oid="0B4F0242-99D6-A87A-3DAB-72E886CD9610" otype="Relation" vid_source="D36E8748-1880-C11E-BE52-51887179BD6D" vid_target="D9702F06-F3D1-9137-389E-58F82D7A6FE0">
<hideElementsInCurrentOnly>false</hideElementsInCurrentOnly>
<backgroundColor>-16777216</backgroundColor>
<lineWidth>1</lineWidth>
<points>
<point x="127" y="190"/>
<point x="127" y="305"/>
</points>
</Connector>
<Connector class="oracle.dbtools.crest.swingui.logical.TVRelation" oid="42FF04D7-3A55-A34B-7140-F80A2441E0CC" otype="Relation" vid_source="FD6DE8D3-593E-AED5-B309-160AB469D36B" vid_target="FC7C57D3-EBB1-A68A-70FF-1FB73FB3A49E">
<hideElementsInCurrentOnly>false</hideElementsInCurrentOnly>
<backgroundColor>-16777216</backgroundColor>
<lineWidth>1</lineWidth>
<points>
<point x="842" y="179"/>
<point x="895" y="152"/>
</points>
</Connector>
<Connector class="oracle.dbtools.crest.swingui.logical.TVRelation" oid="60E0DEA3-D702-D4B6-C3F9-59B6B18209AA" otype="Relation" vid_source="FD6DE8D3-593E-AED5-B309-160AB469D36B" vid_target="4D660091-8FF6-166C-C20E-97C25369CF72">
<hideElementsInCurrentOnly>false</hideElementsInCurrentOnly>
<backgroundColor>-16777216</backgroundColor>
<lineWidth>1</lineWidth>
<points>
<point x="632" y="311"/>
<point x="632" y="377"/>
</points>
</Connector>
<Connector class="oracle.dbtools.crest.swingui.logical.TVRelation" oid="7004D874-02E7-6CA2-D86C-034F43F3D955" otype="Relation" vid_source="FD6DE8D3-593E-AED5-B309-160AB469D36B" vid_target="967B9F5D-83D7-7701-AAC2-BCAF51AB3B8A">
<hideElementsInCurrentOnly>false</hideElementsInCurrentOnly>
<backgroundColor>-16777216</backgroundColor>
<lineWidth>1</lineWidth>
<points>
<point x="583" y="205"/>
<point x="506" y="205"/>
</points>
</Connector>
<Connector class="oracle.dbtools.crest.swingui.logical.TVRelation" oid="A0C0CE36-1F70-76F1-E322-EBEE9B9619C2" otype="Relation" vid_source="4D660091-8FF6-166C-C20E-97C25369CF72" vid_target="D9702F06-F3D1-9137-389E-58F82D7A6FE0">
<hideElementsInCurrentOnly>false</hideElementsInCurrentOnly>
<backgroundColor>-16777216</backgroundColor>
<lineWidth>1</lineWidth>
<points>
<point x="434" y="408"/>
<point x="251" y="408"/>
</points>
</Connector>
<Connector class="oracle.dbtools.crest.swingui.logical.TVRelation" oid="BCFA3B26-CEF7-2A56-48C8-B14315E47B9C" otype="Relation" vid_source="4D660091-8FF6-166C-C20E-97C25369CF72" vid_target="5C53C09F-BA57-A0FE-C908-5E3551F57C97">
<hideElementsInCurrentOnly>false</hideElementsInCurrentOnly>
<backgroundColor>-16777216</backgroundColor>
<lineWidth>1</lineWidth>
<points>
<point x="681" y="421"/>
<point x="790" y="421"/>
</points>
</Connector>
<Connector class="oracle.dbtools.crest.swingui.logical.TVRelation" oid="CCE77606-20BB-EAA9-638B-DCEDB46CD579" otype="Relation" vid_source="D36E8748-1880-C11E-BE52-51887179BD6D" vid_target="967B9F5D-83D7-7701-AAC2-BCAF51AB3B8A">
<hideElementsInCurrentOnly>false</hideElementsInCurrentOnly>
<backgroundColor>-16777216</backgroundColor>
<lineWidth>1</lineWidth>
<points>
<point x="225" y="155"/>
<point x="259" y="155"/>
</points>
</Connector>
</connectors>
</Diagram>