<?xml version = '1.0' encoding = 'UTF-8'?>
<Relation class="oracle.dbtools.crest.model.design.logical.Relation" name="Relation_1" directorySegmentName="seg_0" id="638410BB-0DB9-C3FA-EA95-F636F145ECF8">
<createdBy>sebastianolaveyanez</createdBy>
<createdTime>2024-08-25 02:41:35 UTC</createdTime>
<ownerDesignName>BBDD1</ownerDesignName>
<engineerTo>
<item key="FD6830D3-FDE1-16EA-D4D5-141964D55949" value="true"/>
</engineerTo>
<sourcePk>054E4149-53B9-9B9F-C3F1-65ED9B19E2A2</sourcePk>
<identifying>false</identifying>
<nameOnSource>tiene</nameOnSource>
<nameOnTarget>pertenece</nameOnTarget>
<optionalSource>true</optionalSource>
<optionalTarget>false</optionalTarget>
<sourceCardinality>1</sourceCardinality>
<sourceEntity>D7C1B0CB-D72F-5FC5-CD65-C7A1200B57E9</sourceEntity>
<targetCardinalityString>*</targetCardinalityString>
<targetEntity>E8DB9696-D437-D0A2-870B-E9F2F58E5593</targetEntity>
<transferable>true</transferable>
<deleteRule>NO ACTION</deleteRule>
</Relation>