<?xml version = '1.0' encoding = 'UTF-8'?>
<Relation class="oracle.dbtools.crest.model.design.logical.Relation" name="Relation_2" directorySegmentName="seg_0" id="D4802043-A725-D6AC-655E-8E87DDB6FDD2">
<createdBy>sebastianolaveyanez</createdBy>
<createdTime>2024-08-25 02:53:42 UTC</createdTime>
<ownerDesignName>BBDD1</ownerDesignName>
<engineerTo>
<item key="FD6830D3-FDE1-16EA-D4D5-141964D55949" value="true"/>
</engineerTo>
<sourcePk>0E718D51-40B9-3979-00CD-42FD84C68910</sourcePk>
<identifying>false</identifying>
<nameOnSource>tiene</nameOnSource>
<nameOnTarget>pertenece</nameOnTarget>
<optionalSource>true</optionalSource>
<optionalTarget>false</optionalTarget>
<sourceCardinality>1</sourceCardinality>
<sourceEntity>E8DB9696-D437-D0A2-870B-E9F2F58E5593</sourceEntity>
<targetCardinalityString>*</targetCardinalityString>
<targetEntity>B70D72AA-6CE2-442A-94C6-9C26225F8272</targetEntity>
<transferable>true</transferable>
<deleteRule>NO ACTION</deleteRule>
</Relation>