<?xml version = '1.0' encoding = 'UTF-8'?>
<Table class="oracle.dbtools.crest.model.design.relational.Table" directorySegmentName="seg_0" id="396AD2F0-5F51-F602-AB46-12E7B69F3B9F" name="SEGUIMIENTO_ORDEN">
<createdBy>sebastianolaveyanez</createdBy>
<createdTime>2024-09-16 21:28:19 UTC</createdTime>
<generatorID>E1320CED-4575-09C2-43E8-92A13A491E7D</generatorID>
<ownerDesignName>BBDD4Sumativa</ownerDesignName>
<allowColumnReorder>false</allowColumnReorder>
<existDependencyGenerateInDDl>true</existDependencyGenerateInDDl>
<parsed>true</parsed>
<columns itemClass="oracle.dbtools.crest.model.design.relational.Column">
<Column name="ID_seguimiento" id="6B735FA1-CF6D-EECD-FCEE-24D830E5D3EA">
<createdBy>sebastianolaveyanez</createdBy>
<createdTime>2024-09-16 21:28:19 UTC</createdTime>
<generatorID>F03FD98A-C7B1-B6CA-EC91-DCFFFF2B9E3E</generatorID>
<ownerDesignName>BBDD4Sumativa</ownerDesignName>
<useDomainConstraints>false</useDomainConstraints>
<use>1</use>
<logicalDatatype>LOGDT011</logicalDatatype>
<ownDataTypeParameters>,,</ownDataTypeParameters>
<autoIncrementCycle>false</autoIncrementCycle>
</Column>
<Column name="Estado_recepcion" id="3FDD1149-5869-61DD-9ECA-B1DB516F845C">
<createdBy>sebastianolaveyanez</createdBy>
<createdTime>2024-09-16 21:28:19 UTC</createdTime>
<generatorID>51C2EA30-5FDD-25B8-823C-FFF135B6F0C7</generatorID>
<ownerDesignName>BBDD4Sumativa</ownerDesignName>
<useDomainConstraints>false</useDomainConstraints>
<use>1</use>
<logicalDatatype>LOGDT024</logicalDatatype>
<dataTypeSize>50 BYTE</dataTypeSize>
<ownDataTypeParameters>50 BYTE,,</ownDataTypeParameters>
<autoIncrementCycle>false</autoIncrementCycle>
</Column>
<Column name="Estado_revision" id="0F313007-AC70-A738-FE80-1F2F86D66B8A">
<createdBy>sebastianolaveyanez</createdBy>
<createdTime>2024-09-16 21:28:19 UTC</createdTime>
<generatorID>454B49B9-41A8-2FF6-4F9A-A5C89119810A</generatorID>
<ownerDesignName>BBDD4Sumativa</ownerDesignName>
<useDomainConstraints>false</useDomainConstraints>
<use>1</use>
<logicalDatatype>LOGDT024</logicalDatatype>
<dataTypeSize>50 BYTE</dataTypeSize>
<ownDataTypeParameters>50 BYTE,,</ownDataTypeParameters>
<autoIncrementCycle>false</autoIncrementCycle>
</Column>
<Column name="Control_calidad" id="670C8F13-40F6-6FB7-5644-3F826D52CD19">
<createdBy>sebastianolaveyanez</createdBy>
<createdTime>2024-09-16 21:28:19 UTC</createdTime>
<generatorID>5B4EB2B6-A5B7-63B9-BBCE-42255562A6E8</generatorID>
<ownerDesignName>BBDD4Sumativa</ownerDesignName>
<useDomainConstraints>false</useDomainConstraints>
<use>1</use>
<logicalDatatype>LOGDT024</logicalDatatype>
<dataTypeSize>50 BYTE</dataTypeSize>
<ownDataTypeParameters>50 BYTE,,</ownDataTypeParameters>
<autoIncrementCycle>false</autoIncrementCycle>
</Column>
<Column name="Fecha_estimada_entrega" id="F92463C1-43DD-1EB9-9A97-5F245E5756D8">
<createdBy>sebastianolaveyanez</createdBy>
<createdTime>2024-09-16 21:28:19 UTC</createdTime>
<generatorID>F48D420E-38EC-6CA4-C0EC-7ED78BF615C9</generatorID>
<ownerDesignName>BBDD4Sumativa</ownerDesignName>
<useDomainConstraints>false</useDomainConstraints>
<use>1</use>
<logicalDatatype>LOGDT007</logicalDatatype>
<ownDataTypeParameters>,,</ownDataTypeParameters>
<autoIncrementCycle>false</autoIncrementCycle>
</Column>
<Column name="Estado_entrega" id="775DDF52-51B2-C76C-95F0-55099EC5F674">
<createdBy>sebastianolaveyanez</createdBy>
<createdTime>2024-09-16 21:28:19 UTC</createdTime>
<generatorID>9DE7B00F-0847-54E8-4578-CF9D02547C0A</generatorID>
<ownerDesignName>BBDD4Sumativa</ownerDesignName>
<useDomainConstraints>false</useDomainConstraints>
<use>1</use>
<logicalDatatype>LOGDT024</logicalDatatype>
<dataTypeSize>50 BYTE</dataTypeSize>
<ownDataTypeParameters>50 BYTE,,</ownDataTypeParameters>
<autoIncrementCycle>false</autoIncrementCycle>
</Column>
<Column name="ORDEN_ATENCION_Numero_orden_atencion" id="56217778-E7E0-9634-242C-2C1A8E6A4074">
<createdBy>sebastianolaveyanez</createdBy>
<createdTime>2024-09-16 21:28:19 UTC</createdTime>
<generatorID>6F1E051E-81DC-21FE-FBD5-8DF601358F1C</generatorID>
<ownerDesignName>BBDD4Sumativa</ownerDesignName>
<useDomainConstraints>false</useDomainConstraints>
<use>1</use>
<logicalDatatype>LOGDT011</logicalDatatype>
<ownDataTypeParameters>,,</ownDataTypeParameters>
<previousColumn>false</previousColumn>
<autoIncrementCycle>false</autoIncrementCycle>
<associations>
<colAssociation fkAssociation="F82DB7B2-1748-7F8B-5E12-BF9A68EED071" referredColumn="B10627AF-B97E-CB9D-B2FA-FB7341630653"/>
</associations>
</Column>
</columns>
<indexes itemClass="oracle.dbtools.crest.model.design.relational.Index">
<ind_PK_UK id="DCD243A0-1D92-B2EA-4867-C0536D9FECC2" name="SEGUIMIENTO_ORDEN_PK">
<createdBy>sebastianolaveyanez</createdBy>
<createdTime>2024-09-16 21:28:19 UTC</createdTime>
<generatorID>9C92594F-DFE8-3BB5-AFD9-C771EED2CC7E</generatorID>
<ownerDesignName>BBDD4Sumativa</ownerDesignName>
<pk>true</pk>
<indexState>Primary Constraint</indexState>
<isSurrogateKey>false</isSurrogateKey>
<indexColumnUsage>
<colUsage columnID="6B735FA1-CF6D-EECD-FCEE-24D830E5D3EA"/>
</indexColumnUsage>
</ind_PK_UK>
<ind_PK_UK id="3835D801-F5CD-58D5-F8CB-8B58A7F9C1A8" name="SEGUIMIENTO_ORDEN__IDX">
<createdBy>sebastianolaveyanez</createdBy>
<createdTime>2024-09-16 21:28:19 UTC</createdTime>
<ownerDesignName>BBDD4Sumativa</ownerDesignName>
<indexState>Unique Plain Index</indexState>
<isSurrogateKey>false</isSurrogateKey>
<relationGeneratorID>959DCC12-55B7-EE84-4512-D80FD044B7FD</relationGeneratorID>
<indexColumnUsage>
<colUsage columnID="56217778-E7E0-9634-242C-2C1A8E6A4074"/>
</indexColumnUsage>
</ind_PK_UK>
<ind_PK_UK id="A51023EE-3FE6-0B99-5CDD-54BB8B386697" name="SEGUIMIENTO_ORDEN_ORDEN_ATENCION_FK">
<createdBy>sebastianolaveyanez</createdBy>
<createdTime>2024-09-16 21:28:19 UTC</createdTime>
<generatorID>959DCC12-55B7-EE84-4512-D80FD044B7FD</generatorID>
<ownerDesignName>BBDD4Sumativa</ownerDesignName>
<indexState>Foreign Key</indexState>
<isSurrogateKey>false</isSurrogateKey>
<indexColumnUsage>
<colUsage columnID="56217778-E7E0-9634-242C-2C1A8E6A4074"/>
</indexColumnUsage>
</ind_PK_UK>
</indexes>
</Table>