<?xml version = '1.0' encoding = 'UTF-8'?>
<Table class="oracle.dbtools.crest.model.design.relational.Table" directorySegmentName="seg_0" id="77A9A93A-DB6E-E282-BB61-0004BF2AC689" name="CLIENTE">
<createdBy>sebastianolaveyanez</createdBy>
<createdTime>2024-09-16 21:28:19 UTC</createdTime>
<generatorID>8271D8CD-01C7-2384-7DFF-4A34FF6CDFAB</generatorID>
<ownerDesignName>BBDD4Sumativa</ownerDesignName>
<allowColumnReorder>false</allowColumnReorder>
<existDependencyGenerateInDDl>true</existDependencyGenerateInDDl>
<parsed>true</parsed>
<columns itemClass="oracle.dbtools.crest.model.design.relational.Column">
<Column name="RUT_cliente" id="2838D6AA-FAB6-254C-FA41-084BAA6E172E">
<createdBy>sebastianolaveyanez</createdBy>
<createdTime>2024-09-16 21:28:19 UTC</createdTime>
<generatorID>41C34132-F922-9E0A-A26A-ED2CB4561F2A</generatorID>
<ownerDesignName>BBDD4Sumativa</ownerDesignName>
<useDomainConstraints>false</useDomainConstraints>
<use>1</use>
<logicalDatatype>LOGDT024</logicalDatatype>
<dataTypeSize>15 BYTE</dataTypeSize>
<ownDataTypeParameters>15 BYTE,,</ownDataTypeParameters>
<autoIncrementCycle>false</autoIncrementCycle>
</Column>
<Column name="Nombre" id="4D8E39B4-CDAD-C926-1809-DDAAD564DF8B">
<createdBy>sebastianolaveyanez</createdBy>
<createdTime>2024-09-16 21:28:19 UTC</createdTime>
<generatorID>82007258-8FC3-F429-C116-2DE7AD97871C</generatorID>
<ownerDesignName>BBDD4Sumativa</ownerDesignName>
<useDomainConstraints>false</useDomainConstraints>
<use>1</use>
<logicalDatatype>LOGDT024</logicalDatatype>
<dataTypeSize>20 BYTE</dataTypeSize>
<ownDataTypeParameters>20 BYTE,,</ownDataTypeParameters>
<autoIncrementCycle>false</autoIncrementCycle>
</Column>
<Column name="Apellido_paterno" id="B3F685D5-8FB3-1110-3248-8B5053B708E8">
<createdBy>sebastianolaveyanez</createdBy>
<createdTime>2024-09-16 21:28:19 UTC</createdTime>
<generatorID>13B7D5DE-C88E-F86C-70F8-3D00D9F57B91</generatorID>
<ownerDesignName>BBDD4Sumativa</ownerDesignName>
<useDomainConstraints>false</useDomainConstraints>
<use>1</use>
<logicalDatatype>LOGDT024</logicalDatatype>
<dataTypeSize>20 BYTE</dataTypeSize>
<ownDataTypeParameters>20 BYTE,,</ownDataTypeParameters>
<autoIncrementCycle>false</autoIncrementCycle>
</Column>
<Column name="DETALLE_CLIENTE_ID_cliente" id="4C6EEF5E-4AD7-60D2-2FBA-E101F4499C9A">
<createdBy>sebastianolaveyanez</createdBy>
<createdTime>2024-09-16 21:28:19 UTC</createdTime>
<generatorID>8A1E2A70-A891-BC10-4FA6-08567CE4F16E</generatorID>
<ownerDesignName>BBDD4Sumativa</ownerDesignName>
<useDomainConstraints>false</useDomainConstraints>
<use>1</use>
<logicalDatatype>LOGDT011</logicalDatatype>
<ownDataTypeParameters>,,</ownDataTypeParameters>
<previousColumn>false</previousColumn>
<autoIncrementCycle>false</autoIncrementCycle>
<associations>
<colAssociation fkAssociation="38133CD0-67F6-2135-03D6-30A8F317A3AB" referredColumn="5A402852-921C-A8A3-E619-46E96E02EAE6"/>
</associations>
</Column>
</columns>
<indexes itemClass="oracle.dbtools.crest.model.design.relational.Index">
<ind_PK_UK id="C9F9534F-69E6-26D5-48AF-EB2DF35B2D16" name="CLIENTE_PK">
<createdBy>sebastianolaveyanez</createdBy>
<createdTime>2024-09-16 21:28:19 UTC</createdTime>
<generatorID>DC46866E-8D2A-DB5C-484B-A93C483D86D7</generatorID>
<ownerDesignName>BBDD4Sumativa</ownerDesignName>
<pk>true</pk>
<indexState>Primary Constraint</indexState>
<isSurrogateKey>false</isSurrogateKey>
<indexColumnUsage>
<colUsage columnID="2838D6AA-FAB6-254C-FA41-084BAA6E172E"/>
</indexColumnUsage>
</ind_PK_UK>
<ind_PK_UK id="752B924E-3E94-6FEE-E4F2-D7EEA58B16FF" name="CLIENTE__IDX">
<createdBy>sebastianolaveyanez</createdBy>
<createdTime>2024-09-16 21:28:19 UTC</createdTime>
<ownerDesignName>BBDD4Sumativa</ownerDesignName>
<indexState>Unique Plain Index</indexState>
<isSurrogateKey>false</isSurrogateKey>
<relationGeneratorID>5DA12E8F-2D19-A5E1-0D4D-346868D7FF6E</relationGeneratorID>
<indexColumnUsage>
<colUsage columnID="4C6EEF5E-4AD7-60D2-2FBA-E101F4499C9A"/>
</indexColumnUsage>
</ind_PK_UK>
<ind_PK_UK id="BD7583E5-36D0-5C85-AEC9-16A52007965D" name="CLIENTE_DETALLE_CLIENTE_FK">
<createdBy>sebastianolaveyanez</createdBy>
<createdTime>2024-09-16 21:28:19 UTC</createdTime>
<generatorID>5DA12E8F-2D19-A5E1-0D4D-346868D7FF6E</generatorID>
<ownerDesignName>BBDD4Sumativa</ownerDesignName>
<indexState>Foreign Key</indexState>
<isSurrogateKey>false</isSurrogateKey>
<indexColumnUsage>
<colUsage columnID="4C6EEF5E-4AD7-60D2-2FBA-E101F4499C9A"/>
</indexColumnUsage>
</ind_PK_UK>
</indexes>
</Table>