<?xml version = '1.0' encoding = 'UTF-8'?>
<Table class="oracle.dbtools.crest.model.design.relational.Table" directorySegmentName="seg_0" id="7EF988FF-3D56-EE56-E9B2-644278505320" name="ORDEN_TRABAJO">
<createdBy>sebastianolaveyanez</createdBy>
<createdTime>2024-09-16 21:28:19 UTC</createdTime>
<generatorID>D64A04F8-EFC5-9275-9494-30500AD7FCDD</generatorID>
<ownerDesignName>BBDD4Sumativa</ownerDesignName>
<allowColumnReorder>false</allowColumnReorder>
<existDependencyGenerateInDDl>true</existDependencyGenerateInDDl>
<parsed>true</parsed>
<columns itemClass="oracle.dbtools.crest.model.design.relational.Column">
<Column name="Numero_orden_trabajo" id="87F44F34-D1FE-4302-07EE-56D88F3D26D4">
<createdBy>sebastianolaveyanez</createdBy>
<createdTime>2024-09-16 21:28:19 UTC</createdTime>
<generatorID>7860C396-F2FA-9863-2425-726F734C2CFB</generatorID>
<ownerDesignName>BBDD4Sumativa</ownerDesignName>
<useDomainConstraints>false</useDomainConstraints>
<use>1</use>
<logicalDatatype>LOGDT011</logicalDatatype>
<ownDataTypeParameters>,,</ownDataTypeParameters>
<autoIncrementCycle>false</autoIncrementCycle>
</Column>
<Column name="ORDEN_ATENCION_Numero_orden_atencion" id="6CF32BD8-7202-36D5-FD53-B848EE01F4BB">
<createdBy>sebastianolaveyanez</createdBy>
<createdTime>2024-09-16 21:28:19 UTC</createdTime>
<generatorID>FC31ADE0-D0EF-2D26-7E42-FC56ADAF2015</generatorID>
<ownerDesignName>BBDD4Sumativa</ownerDesignName>
<useDomainConstraints>false</useDomainConstraints>
<use>1</use>
<logicalDatatype>LOGDT011</logicalDatatype>
<ownDataTypeParameters>,,</ownDataTypeParameters>
<previousColumn>false</previousColumn>
<autoIncrementCycle>false</autoIncrementCycle>
<associations>
<colAssociation fkAssociation="7EB01EDE-07BE-B9CE-BE09-E3BD160312A9" referredColumn="B10627AF-B97E-CB9D-B2FA-FB7341630653"/>
</associations>
</Column>
</columns>
<indexes itemClass="oracle.dbtools.crest.model.design.relational.Index">
<ind_PK_UK id="CCCFDA5F-AEF2-CE7C-90F8-7A7D8D905ACF" name="ORDEN_TRABAJO_PK">
<createdBy>sebastianolaveyanez</createdBy>
<createdTime>2024-09-16 21:28:19 UTC</createdTime>
<generatorID>E874A04E-01DC-7A36-9083-8ACC3A4783F6</generatorID>
<ownerDesignName>BBDD4Sumativa</ownerDesignName>
<pk>true</pk>
<indexState>Primary Constraint</indexState>
<isSurrogateKey>false</isSurrogateKey>
<indexColumnUsage>
<colUsage columnID="87F44F34-D1FE-4302-07EE-56D88F3D26D4"/>
</indexColumnUsage>
</ind_PK_UK>
<ind_PK_UK id="7B54F451-6BC3-C5DD-27CB-1FEC40733723" name="ORDEN_TRABAJO__IDX">
<createdBy>sebastianolaveyanez</createdBy>
<createdTime>2024-09-16 21:28:19 UTC</createdTime>
<ownerDesignName>BBDD4Sumativa</ownerDesignName>
<indexState>Unique Plain Index</indexState>
<isSurrogateKey>false</isSurrogateKey>
<relationGeneratorID>02BEB50E-E17A-CFAB-0307-D8CEC43F2131</relationGeneratorID>
<indexColumnUsage>
<colUsage columnID="6CF32BD8-7202-36D5-FD53-B848EE01F4BB"/>
</indexColumnUsage>
</ind_PK_UK>
<ind_PK_UK id="70BF8EA6-E9EE-23C4-F20B-15666CF4E80D" name="ORDEN_TRABAJO_ORDEN_ATENCION_FK">
<createdBy>sebastianolaveyanez</createdBy>
<createdTime>2024-09-16 21:28:19 UTC</createdTime>
<generatorID>02BEB50E-E17A-CFAB-0307-D8CEC43F2131</generatorID>
<ownerDesignName>BBDD4Sumativa</ownerDesignName>
<indexState>Foreign Key</indexState>
<isSurrogateKey>false</isSurrogateKey>
<indexColumnUsage>
<colUsage columnID="6CF32BD8-7202-36D5-FD53-B848EE01F4BB"/>
</indexColumnUsage>
</ind_PK_UK>
</indexes>
</Table>