<?xml version = '1.0' encoding = 'UTF-8'?>
<Table class="oracle.dbtools.crest.model.design.relational.Table" directorySegmentName="seg_0" id="866F5134-2B91-DF22-EE87-BE87EC6758C9" name="ORDEN_ATENCION">
<createdBy>sebastianolaveyanez</createdBy>
<createdTime>2024-09-16 21:28:19 UTC</createdTime>
<generatorID>F3264013-0063-AEC2-6268-1EF102BB0718</generatorID>
<ownerDesignName>BBDD4Sumativa</ownerDesignName>
<allowColumnReorder>false</allowColumnReorder>
<existDependencyGenerateInDDl>true</existDependencyGenerateInDDl>
<parsed>true</parsed>
<columns itemClass="oracle.dbtools.crest.model.design.relational.Column">
<Column name="Numero_orden_atencion" id="B10627AF-B97E-CB9D-B2FA-FB7341630653">
<createdBy>sebastianolaveyanez</createdBy>
<createdTime>2024-09-16 21:28:19 UTC</createdTime>
<generatorID>EC0688AB-0205-E450-6C3C-F81D5E31AD68</generatorID>
<ownerDesignName>BBDD4Sumativa</ownerDesignName>
<useDomainConstraints>false</useDomainConstraints>
<use>1</use>
<logicalDatatype>LOGDT011</logicalDatatype>
<ownDataTypeParameters>,,</ownDataTypeParameters>
<autoIncrementCycle>false</autoIncrementCycle>
</Column>
<Column name="Fecha_creacion" id="29461C2B-5997-6D14-E0FD-992D1153FCC5">
<createdBy>sebastianolaveyanez</createdBy>
<createdTime>2024-09-16 21:28:19 UTC</createdTime>
<generatorID>D3315E17-5137-A169-480D-D0ED4A6F79D1</generatorID>
<ownerDesignName>BBDD4Sumativa</ownerDesignName>
<useDomainConstraints>false</useDomainConstraints>
<use>1</use>
<logicalDatatype>LOGDT007</logicalDatatype>
<ownDataTypeParameters>,,</ownDataTypeParameters>
<autoIncrementCycle>false</autoIncrementCycle>
</Column>
<Column name="VEHICULO_Patente_vehiculo" id="7684B18C-6773-66B1-95ED-F658151F54AF">
<createdBy>sebastianolaveyanez</createdBy>
<createdTime>2024-09-16 21:28:19 UTC</createdTime>
<generatorID>1676E163-DEC5-7A35-413C-3B5065C8E299</generatorID>
<ownerDesignName>BBDD4Sumativa</ownerDesignName>
<useDomainConstraints>false</useDomainConstraints>
<use>1</use>
<logicalDatatype>LOGDT024</logicalDatatype>
<dataTypeSize>50 BYTE</dataTypeSize>
<ownDataTypeParameters>,,</ownDataTypeParameters>
<previousColumn>false</previousColumn>
<autoIncrementCycle>false</autoIncrementCycle>
<associations>
<colAssociation fkAssociation="B72E6BCA-5C63-6A26-1674-9CB5C4ED030F" referredColumn="9A0EDAA5-791A-812A-FB30-21EBE8E1AF4E"/>
</associations>
</Column>
<Column name="CLIENTE_RUT_cliente" id="B2B4504D-FA4C-E65C-03F1-0C4C75E0E6A8">
<createdBy>sebastianolaveyanez</createdBy>
<createdTime>2024-09-16 21:28:19 UTC</createdTime>
<generatorID>C6D66EE5-F66F-D6F4-66B4-984F8DEA8D06</generatorID>
<ownerDesignName>BBDD4Sumativa</ownerDesignName>
<useDomainConstraints>false</useDomainConstraints>
<use>1</use>
<logicalDatatype>LOGDT024</logicalDatatype>
<dataTypeSize>15 BYTE</dataTypeSize>
<ownDataTypeParameters>,,</ownDataTypeParameters>
<previousColumn>false</previousColumn>
<autoIncrementCycle>false</autoIncrementCycle>
<associations>
<colAssociation fkAssociation="D4CFA091-2343-01EC-CFAF-73C38D00C7A8" referredColumn="2838D6AA-FAB6-254C-FA41-084BAA6E172E"/>
</associations>
</Column>
<Column name="ORDEN_TRABAJO_Numero_orden_trabajo" id="2D53CD1E-503F-F563-86C9-EDFCAA8A927B">
<createdBy>sebastianolaveyanez</createdBy>
<createdTime>2024-09-16 21:28:19 UTC</createdTime>
<generatorID>977D248E-4016-C93C-6738-9B33833EB9E1</generatorID>
<ownerDesignName>BBDD4Sumativa</ownerDesignName>
<useDomainConstraints>false</useDomainConstraints>
<use>1</use>
<logicalDatatype>LOGDT011</logicalDatatype>
<ownDataTypeParameters>,,</ownDataTypeParameters>
<previousColumn>false</previousColumn>
<autoIncrementCycle>false</autoIncrementCycle>
<associations>
<colAssociation fkAssociation="C9DFC4ED-E82C-DBE5-90DB-9F2D1F1B0570" referredColumn="87F44F34-D1FE-4302-07EE-56D88F3D26D4"/>
</associations>
</Column>
<Column name="SEGUIMIENTO_ORDEN_ID_seguimiento" id="91B4F0E8-816B-4DA1-DED2-3B4B5E544767">
<createdBy>sebastianolaveyanez</createdBy>
<createdTime>2024-09-16 21:28:19 UTC</createdTime>
<generatorID>D38410A6-DD3D-A429-D440-BD5DA7438D68</generatorID>
<ownerDesignName>BBDD4Sumativa</ownerDesignName>
<useDomainConstraints>false</useDomainConstraints>
<use>1</use>
<logicalDatatype>LOGDT011</logicalDatatype>
<ownDataTypeParameters>,,</ownDataTypeParameters>
<previousColumn>false</previousColumn>
<autoIncrementCycle>false</autoIncrementCycle>
<associations>
<colAssociation fkAssociation="78277023-44E2-0208-5E45-857A1306F50B" referredColumn="6B735FA1-CF6D-EECD-FCEE-24D830E5D3EA"/>
</associations>
</Column>
<Column name="VEHICULO_DETALLE_CLIENTE_ID_cliente" id="2AD7767A-56FF-BC90-41E6-6291C97F8F66">
<createdBy>sebastianolaveyanez</createdBy>
<createdTime>2024-09-16 21:28:19 UTC</createdTime>
<generatorID>B0374D01-D091-E6DE-3B0D-F183DE35A184</generatorID>
<ownerDesignName>BBDD4Sumativa</ownerDesignName>
<useDomainConstraints>false</useDomainConstraints>
<use>1</use>
<logicalDatatype>LOGDT011</logicalDatatype>
<ownDataTypeParameters>,,</ownDataTypeParameters>
<previousColumn>false</previousColumn>
<autoIncrementCycle>false</autoIncrementCycle>
<associations>
<colAssociation fkAssociation="B72E6BCA-5C63-6A26-1674-9CB5C4ED030F" referredColumn="D08BF961-C726-5135-5044-3297D1FD21F6"/>
</associations>
</Column>
</columns>
<indexes itemClass="oracle.dbtools.crest.model.design.relational.Index">
<ind_PK_UK id="E03AB7C8-CD58-400A-F81D-6D722EB31DE8" name="ORDEN_ATENCION_PK">
<createdBy>sebastianolaveyanez</createdBy>
<createdTime>2024-09-16 21:28:19 UTC</createdTime>
<generatorID>FBB5BBB2-B743-146D-1640-2F1CD2E2760C</generatorID>
<ownerDesignName>BBDD4Sumativa</ownerDesignName>
<pk>true</pk>
<indexState>Primary Constraint</indexState>
<isSurrogateKey>false</isSurrogateKey>
<indexColumnUsage>
<colUsage columnID="B10627AF-B97E-CB9D-B2FA-FB7341630653"/>
</indexColumnUsage>
</ind_PK_UK>
<ind_PK_UK id="BFF6B6DC-6E5E-FE6A-93CA-FDFB30FDF56E" name="ORDEN_ATENCION__IDX">
<createdBy>sebastianolaveyanez</createdBy>
<createdTime>2024-09-16 21:28:19 UTC</createdTime>
<ownerDesignName>BBDD4Sumativa</ownerDesignName>
<indexState>Unique Plain Index</indexState>
<isSurrogateKey>false</isSurrogateKey>
<relationGeneratorID>02BEB50E-E17A-CFAB-0307-D8CEC43F2131</relationGeneratorID>
<indexColumnUsage>
<colUsage columnID="2D53CD1E-503F-F563-86C9-EDFCAA8A927B"/>
</indexColumnUsage>
</ind_PK_UK>
<ind_PK_UK id="0203AE97-9222-BAD2-6ECE-43BAE532F948" name="ORDEN_ATENCION__IDXv1">
<createdBy>sebastianolaveyanez</createdBy>
<createdTime>2024-09-16 21:28:19 UTC</createdTime>
<ownerDesignName>BBDD4Sumativa</ownerDesignName>
<indexState>Unique Plain Index</indexState>
<isSurrogateKey>false</isSurrogateKey>
<relationGeneratorID>959DCC12-55B7-EE84-4512-D80FD044B7FD</relationGeneratorID>
<indexColumnUsage>
<colUsage columnID="91B4F0E8-816B-4DA1-DED2-3B4B5E544767"/>
</indexColumnUsage>
</ind_PK_UK>
<ind_PK_UK id="C9CB96BC-DDC5-C465-AB5C-3A14BC0D40EE" name="ORDEN_ATENCION_VEHICULO_FK">
<createdBy>sebastianolaveyanez</createdBy>
<createdTime>2024-09-16 21:28:19 UTC</createdTime>
<generatorID>58A5A725-1FCE-1039-FB3F-6D9164214F6A</generatorID>
<ownerDesignName>BBDD4Sumativa</ownerDesignName>
<indexState>Foreign Key</indexState>
<isSurrogateKey>false</isSurrogateKey>
<indexColumnUsage>
<colUsage columnID="7684B18C-6773-66B1-95ED-F658151F54AF"/>
<colUsage columnID="2AD7767A-56FF-BC90-41E6-6291C97F8F66"/>
</indexColumnUsage>
</ind_PK_UK>
<ind_PK_UK id="0EE48585-E5A9-7172-F162-48C140843D94" name="ORDEN_ATENCION_CLIENTE_FK">
<createdBy>sebastianolaveyanez</createdBy>
<createdTime>2024-09-16 21:28:19 UTC</createdTime>
<generatorID>FE06F4F1-83E7-3631-7F98-F9EE9CF6C08D</generatorID>
<ownerDesignName>BBDD4Sumativa</ownerDesignName>
<indexState>Foreign Key</indexState>
<isSurrogateKey>false</isSurrogateKey>
<indexColumnUsage>
<colUsage columnID="B2B4504D-FA4C-E65C-03F1-0C4C75E0E6A8"/>
</indexColumnUsage>
</ind_PK_UK>
<ind_PK_UK id="84DB181F-851D-711B-66B1-F2316391D45A" name="ORDEN_ATENCION_ORDEN_TRABAJO_FK">
<createdBy>sebastianolaveyanez</createdBy>
<createdTime>2024-09-16 21:28:19 UTC</createdTime>
<generatorID>02BEB50E-E17A-CFAB-0307-D8CEC43F2131</generatorID>
<ownerDesignName>BBDD4Sumativa</ownerDesignName>
<indexState>Foreign Key</indexState>
<isSurrogateKey>false</isSurrogateKey>
<indexColumnUsage>
<colUsage columnID="2D53CD1E-503F-F563-86C9-EDFCAA8A927B"/>
</indexColumnUsage>
</ind_PK_UK>
<ind_PK_UK id="9156A339-E961-BD52-88CB-1DC0F65A3827" name="ORDEN_ATENCION_SEGUIMIENTO_ORDEN_FK">
<createdBy>sebastianolaveyanez</createdBy>
<createdTime>2024-09-16 21:28:19 UTC</createdTime>
<generatorID>959DCC12-55B7-EE84-4512-D80FD044B7FD</generatorID>
<ownerDesignName>BBDD4Sumativa</ownerDesignName>
<indexState>Foreign Key</indexState>
<isSurrogateKey>false</isSurrogateKey>
<indexColumnUsage>
<colUsage columnID="91B4F0E8-816B-4DA1-DED2-3B4B5E544767"/>
</indexColumnUsage>
</ind_PK_UK>
</indexes>
</Table>