<?xml version = '1.0' encoding = 'UTF-8'?>
<Table class="oracle.dbtools.crest.model.design.relational.Table" directorySegmentName="seg_0" id="86ECB854-C42E-2EC6-7882-D421B9A4F29E" name="DETALLE_CLIENTE">
<createdBy>sebastianolaveyanez</createdBy>
<createdTime>2024-09-16 21:28:19 UTC</createdTime>
<generatorID>F68CB1B4-B0CC-9BD7-9AE1-EC1455F0FCEA</generatorID>
<ownerDesignName>BBDD4Sumativa</ownerDesignName>
<allowColumnReorder>false</allowColumnReorder>
<existDependencyGenerateInDDl>true</existDependencyGenerateInDDl>
<parsed>true</parsed>
<columns itemClass="oracle.dbtools.crest.model.design.relational.Column">
<Column name="RUT_cliente" id="F1D08BB7-7D48-F03A-B04A-FE3FA87F4E0A">
<createdBy>sebastianolaveyanez</createdBy>
<createdTime>2024-09-16 21:28:19 UTC</createdTime>
<generatorID>41C34132-F922-9E0A-A26A-ED2CB4561F2A</generatorID>
<ownerDesignName>BBDD4Sumativa</ownerDesignName>
<useDomainConstraints>false</useDomainConstraints>
<use>1</use>
<logicalDatatype>LOGDT024</logicalDatatype>
<dataTypeSize>15 BYTE</dataTypeSize>
<ownDataTypeParameters>,,</ownDataTypeParameters>
<autoIncrementCycle>false</autoIncrementCycle>
<associations>
<colAssociation fkAssociation="ACA39270-9EE5-5EA7-4827-8FA3E86D2FA5" referredColumn="2838D6AA-FAB6-254C-FA41-084BAA6E172E"/>
</associations>
</Column>
<Column name="ID_cliente" id="5A402852-921C-A8A3-E619-46E96E02EAE6">
<createdBy>sebastianolaveyanez</createdBy>
<createdTime>2024-09-16 21:28:19 UTC</createdTime>
<generatorID>5AAB32E7-A45B-513F-E081-4620D88F7C81</generatorID>
<ownerDesignName>BBDD4Sumativa</ownerDesignName>
<useDomainConstraints>false</useDomainConstraints>
<use>1</use>
<logicalDatatype>LOGDT011</logicalDatatype>
<ownDataTypeParameters>,,</ownDataTypeParameters>
<autoIncrementCycle>false</autoIncrementCycle>
</Column>
<Column name="Domicilio" id="AF338C02-6A30-4CF4-7AAD-32EEF395D7F4">
<createdBy>sebastianolaveyanez</createdBy>
<createdTime>2024-09-16 21:28:19 UTC</createdTime>
<generatorID>76F2E25F-FC6B-8603-585E-3B89A9C08DB3</generatorID>
<ownerDesignName>BBDD4Sumativa</ownerDesignName>
<useDomainConstraints>false</useDomainConstraints>
<use>1</use>
<logicalDatatype>LOGDT024</logicalDatatype>
<dataTypeSize>50 BYTE</dataTypeSize>
<ownDataTypeParameters>50 BYTE,,</ownDataTypeParameters>
<autoIncrementCycle>false</autoIncrementCycle>
</Column>
<Column name="Telefono" id="0616316C-375B-4B4D-3C65-5DD0FC6D2F16">
<createdBy>sebastianolaveyanez</createdBy>
<createdTime>2024-09-16 21:28:19 UTC</createdTime>
<generatorID>07FF0874-886A-9D48-DCBE-9F42095EEC20</generatorID>
<ownerDesignName>BBDD4Sumativa</ownerDesignName>
<useDomainConstraints>false</useDomainConstraints>
<use>1</use>
<logicalDatatype>LOGDT011</logicalDatatype>
<ownDataTypeParameters>,,</ownDataTypeParameters>
<autoIncrementCycle>false</autoIncrementCycle>
</Column>
<Column name="Correo_electronico" id="B59BADD4-EBF0-284A-D76F-2DE7030BA916">
<createdBy>sebastianolaveyanez</createdBy>
<createdTime>2024-09-16 21:28:19 UTC</createdTime>
<generatorID>BA967C56-8C93-6F8C-906F-25D01663379E</generatorID>
<ownerDesignName>BBDD4Sumativa</ownerDesignName>
<useDomainConstraints>false</useDomainConstraints>
<use>1</use>
<logicalDatatype>LOGDT024</logicalDatatype>
<dataTypeSize>50 BYTE</dataTypeSize>
<ownDataTypeParameters>50 BYTE,,</ownDataTypeParameters>
<autoIncrementCycle>false</autoIncrementCycle>
</Column>
<Column name="CLIENTE_RUT_cliente" id="B26AFB08-3543-8182-6604-6A551C7A9E40">
<createdBy>sebastianolaveyanez</createdBy>
<createdTime>2024-09-16 21:28:19 UTC</createdTime>
<generatorID>3D151133-BAF6-D7A0-6F20-D734C33B4987</generatorID>
<ownerDesignName>BBDD4Sumativa</ownerDesignName>
<useDomainConstraints>false</useDomainConstraints>
<use>1</use>
<logicalDatatype>LOGDT024</logicalDatatype>
<dataTypeSize>15 BYTE</dataTypeSize>
<ownDataTypeParameters>,,</ownDataTypeParameters>
<previousColumn>false</previousColumn>
<autoIncrementCycle>false</autoIncrementCycle>
<associations>
<colAssociation fkAssociation="2898B557-9F2D-5DCC-A039-CD688EB9BD18" referredColumn="2838D6AA-FAB6-254C-FA41-084BAA6E172E"/>
</associations>
</Column>
</columns>
<indexes itemClass="oracle.dbtools.crest.model.design.relational.Index">
<ind_PK_UK id="42DCA8DE-3252-8F17-7966-D902E80E3300" name="DETALLE_CLIENTE_PK">
<createdBy>sebastianolaveyanez</createdBy>
<createdTime>2024-09-16 21:28:19 UTC</createdTime>
<generatorID>DC46866E-8D2A-DB5C-484B-A93C483D86D7</generatorID>
<ownerDesignName>BBDD4Sumativa</ownerDesignName>
<pk>true</pk>
<indexState>Primary Constraint</indexState>
<isSurrogateKey>false</isSurrogateKey>
<indexColumnUsage>
<colUsage columnID="F1D08BB7-7D48-F03A-B04A-FE3FA87F4E0A"/>
</indexColumnUsage>
</ind_PK_UK>
<ind_PK_UK id="5DEA7607-56F3-B5C2-1A72-B23E596F57F2" name="DETALLE_CLIENTE_PKv1">
<createdBy>sebastianolaveyanez</createdBy>
<createdTime>2024-09-16 21:28:19 UTC</createdTime>
<generatorID>AA1E94EA-0CF4-F249-C12A-43C372ACA880</generatorID>
<ownerDesignName>BBDD4Sumativa</ownerDesignName>
<indexState>Unique Constraint</indexState>
<isSurrogateKey>false</isSurrogateKey>
<indexColumnUsage>
<colUsage columnID="5A402852-921C-A8A3-E619-46E96E02EAE6"/>
</indexColumnUsage>
</ind_PK_UK>
<ind_PK_UK id="77F3FEC8-5F49-4D2D-76A5-6C2527CCB743" name="DETALLE_CLIENTE__IDX">
<createdBy>sebastianolaveyanez</createdBy>
<createdTime>2024-09-16 21:28:19 UTC</createdTime>
<ownerDesignName>BBDD4Sumativa</ownerDesignName>
<indexState>Unique Plain Index</indexState>
<isSurrogateKey>false</isSurrogateKey>
<relationGeneratorID>5DA12E8F-2D19-A5E1-0D4D-346868D7FF6E</relationGeneratorID>
<indexColumnUsage>
<colUsage columnID="B26AFB08-3543-8182-6604-6A551C7A9E40"/>
</indexColumnUsage>
</ind_PK_UK>
<ind_PK_UK id="5ED90C74-9026-BA52-84E0-173A45AF7F61" name="DETALLE_CLIENTE_CLIENTE_FK">
<createdBy>sebastianolaveyanez</createdBy>
<createdTime>2024-09-16 21:28:19 UTC</createdTime>
<generatorID>E95E94D4-E5D9-ABC3-BA96-3FA6C17D2A1C</generatorID>
<ownerDesignName>BBDD4Sumativa</ownerDesignName>
<indexState>Foreign Key</indexState>
<isSurrogateKey>false</isSurrogateKey>
<indexColumnUsage>
<colUsage columnID="F1D08BB7-7D48-F03A-B04A-FE3FA87F4E0A"/>
</indexColumnUsage>
</ind_PK_UK>
<ind_PK_UK id="97DA628F-2B15-151D-899F-1CB6B38D3F97" name="DETALLE_CLIENTE_CLIENTE_FKv2">
<createdBy>sebastianolaveyanez</createdBy>
<createdTime>2024-09-16 21:28:19 UTC</createdTime>
<generatorID>5DA12E8F-2D19-A5E1-0D4D-346868D7FF6E</generatorID>
<ownerDesignName>BBDD4Sumativa</ownerDesignName>
<indexState>Foreign Key</indexState>
<isSurrogateKey>false</isSurrogateKey>
<indexColumnUsage>
<colUsage columnID="B26AFB08-3543-8182-6604-6A551C7A9E40"/>
</indexColumnUsage>
</ind_PK_UK>
</indexes>
</Table>