<?xml version = '1.0' encoding = 'UTF-8'?>
<Table class="oracle.dbtools.crest.model.design.relational.Table" directorySegmentName="seg_0" id="DB545967-B28B-07D3-B976-EE25232595D8" name="VEHICULO">
<createdBy>sebastianolaveyanez</createdBy>
<createdTime>2024-09-16 21:28:19 UTC</createdTime>
<generatorID>8D86A603-42BF-DE07-F1EE-069EE681A932</generatorID>
<ownerDesignName>BBDD4Sumativa</ownerDesignName>
<allowColumnReorder>false</allowColumnReorder>
<existDependencyGenerateInDDl>true</existDependencyGenerateInDDl>
<parsed>true</parsed>
<columns itemClass="oracle.dbtools.crest.model.design.relational.Column">
<Column name="Patente_vehiculo" id="9A0EDAA5-791A-812A-FB30-21EBE8E1AF4E">
<createdBy>sebastianolaveyanez</createdBy>
<createdTime>2024-09-16 21:28:19 UTC</createdTime>
<generatorID>332AB103-519C-A879-265B-994B357150CA</generatorID>
<ownerDesignName>BBDD4Sumativa</ownerDesignName>
<useDomainConstraints>false</useDomainConstraints>
<use>1</use>
<logicalDatatype>LOGDT024</logicalDatatype>
<dataTypeSize>50 BYTE</dataTypeSize>
<ownDataTypeParameters>50 BYTE,,</ownDataTypeParameters>
<autoIncrementCycle>false</autoIncrementCycle>
</Column>
<Column name="Marca_vehiculo" id="FA6ED04F-418A-D511-5BB7-5AFC6309C41E">
<createdBy>sebastianolaveyanez</createdBy>
<createdTime>2024-09-16 21:28:19 UTC</createdTime>
<generatorID>D163EAAD-8A56-AF93-5CFA-B7225DDA1D99</generatorID>
<ownerDesignName>BBDD4Sumativa</ownerDesignName>
<useDomainConstraints>false</useDomainConstraints>
<use>1</use>
<logicalDatatype>LOGDT024</logicalDatatype>
<dataTypeSize>50 BYTE</dataTypeSize>
<ownDataTypeParameters>50 BYTE,,</ownDataTypeParameters>
<autoIncrementCycle>false</autoIncrementCycle>
</Column>
<Column name="Modelo_vehiculo" id="6BB194A0-AA0F-18E6-47E9-C33001886F0B">
<createdBy>sebastianolaveyanez</createdBy>
<createdTime>2024-09-16 21:28:19 UTC</createdTime>
<generatorID>501B6715-5839-4F77-B296-43B0DDCA01C2</generatorID>
<ownerDesignName>BBDD4Sumativa</ownerDesignName>
<useDomainConstraints>false</useDomainConstraints>
<use>1</use>
<logicalDatatype>LOGDT024</logicalDatatype>
<dataTypeSize>50 BYTE</dataTypeSize>
<ownDataTypeParameters>50 BYTE,,</ownDataTypeParameters>
<autoIncrementCycle>false</autoIncrementCycle>
</Column>
<Column name="Año" id="215F5FD3-FC1C-25D6-E0AF-E9B5E4437F01">
<createdBy>sebastianolaveyanez</createdBy>
<createdTime>2024-09-16 21:28:19 UTC</createdTime>
<generatorID>5400CD49-9351-AE38-BBD3-4681B32271BE</generatorID>
<ownerDesignName>BBDD4Sumativa</ownerDesignName>
<useDomainConstraints>false</useDomainConstraints>
<use>1</use>
<logicalDatatype>LOGDT011</logicalDatatype>
<ownDataTypeParameters>,,</ownDataTypeParameters>
<autoIncrementCycle>false</autoIncrementCycle>
</Column>
<Column name="Color" id="306D81ED-E614-CAAF-5B1E-FA729817A9C6">
<createdBy>sebastianolaveyanez</createdBy>
<createdTime>2024-09-16 21:28:19 UTC</createdTime>
<generatorID>9A24A0E4-9A0B-085A-AB02-7273D732E0B8</generatorID>
<ownerDesignName>BBDD4Sumativa</ownerDesignName>
<useDomainConstraints>false</useDomainConstraints>
<use>1</use>
<logicalDatatype>LOGDT024</logicalDatatype>
<dataTypeSize>50 BYTE</dataTypeSize>
<ownDataTypeParameters>50 BYTE,,</ownDataTypeParameters>
<autoIncrementCycle>false</autoIncrementCycle>
</Column>
<Column name="DETALLE_CLIENTE_ID_cliente" id="D08BF961-C726-5135-5044-3297D1FD21F6">
<createdBy>sebastianolaveyanez</createdBy>
<createdTime>2024-09-16 21:28:19 UTC</createdTime>
<generatorID>FAACA3F3-0C67-A7CD-EDB3-821D7DB3B4A2</generatorID>
<ownerDesignName>BBDD4Sumativa</ownerDesignName>
<useDomainConstraints>false</useDomainConstraints>
<use>1</use>
<logicalDatatype>LOGDT011</logicalDatatype>
<ownDataTypeParameters>,,</ownDataTypeParameters>
<previousColumn>false</previousColumn>
<autoIncrementCycle>false</autoIncrementCycle>
<associations>
<colAssociation fkAssociation="76C3AC5E-656E-A120-9ABD-29EC9745EBC3" referredColumn="5A402852-921C-A8A3-E619-46E96E02EAE6"/>
</associations>
</Column>
</columns>
<indexes itemClass="oracle.dbtools.crest.model.design.relational.Index">
<ind_PK_UK id="05E66AE4-0A92-3B49-5DF0-BC45573D91F7" name="VEHICULO_PK">
<createdBy>sebastianolaveyanez</createdBy>
<createdTime>2024-09-16 21:28:19 UTC</createdTime>
<generatorID>0F57F70E-5D28-ADF0-409E-94E14466EF9F</generatorID>
<ownerDesignName>BBDD4Sumativa</ownerDesignName>
<pk>true</pk>
<indexState>Primary Constraint</indexState>
<isSurrogateKey>false</isSurrogateKey>
<indexColumnUsage>
<colUsage columnID="9A0EDAA5-791A-812A-FB30-21EBE8E1AF4E"/>
<colUsage columnID="D08BF961-C726-5135-5044-3297D1FD21F6"/>
</indexColumnUsage>
</ind_PK_UK>
<ind_PK_UK id="556A689B-FF5C-74F6-DCE9-14FF1F0607D6" name="VEHICULO_DETALLE_CLIENTE_FK">
<createdBy>sebastianolaveyanez</createdBy>
<createdTime>2024-09-16 21:28:19 UTC</createdTime>
<generatorID>B5EA50CF-4BCB-DF33-F4DE-1810A3918F4B</generatorID>
<ownerDesignName>BBDD4Sumativa</ownerDesignName>
<indexState>Foreign Key</indexState>
<isSurrogateKey>false</isSurrogateKey>
<indexColumnUsage>
<colUsage columnID="D08BF961-C726-5135-5044-3297D1FD21F6"/>
</indexColumnUsage>
</ind_PK_UK>
</indexes>
</Table>