<?xml version = '1.0' encoding = 'UTF-8'?>
<Table class="oracle.dbtools.crest.model.design.relational.Table" directorySegmentName="seg_0" id="F669E354-3650-1E45-C279-093DE85CDA9C" name="DETALLE_SERVICIO">
<createdBy>sebastianolaveyanez</createdBy>
<createdTime>2024-09-16 21:28:19 UTC</createdTime>
<generatorID>7086C7EB-03CB-CA8F-FD18-2766A6CC5B60</generatorID>
<ownerDesignName>BBDD4Sumativa</ownerDesignName>
<allowColumnReorder>false</allowColumnReorder>
<existDependencyGenerateInDDl>true</existDependencyGenerateInDDl>
<parsed>true</parsed>
<columns itemClass="oracle.dbtools.crest.model.design.relational.Column">
<Column name="Numero_orden_trabajo" id="3A98BF54-9495-13C8-77D7-C3EB1F7A7CBE">
<createdBy>sebastianolaveyanez</createdBy>
<createdTime>2024-09-16 21:28:19 UTC</createdTime>
<generatorID>7860C396-F2FA-9863-2425-726F734C2CFB</generatorID>
<ownerDesignName>BBDD4Sumativa</ownerDesignName>
<useDomainConstraints>false</useDomainConstraints>
<use>1</use>
<logicalDatatype>LOGDT011</logicalDatatype>
<ownDataTypeParameters>,,</ownDataTypeParameters>
<autoIncrementCycle>false</autoIncrementCycle>
<associations>
<colAssociation fkAssociation="3A03CCAA-ACB0-A88F-F73E-F09C73D89A2D" referredColumn="87F44F34-D1FE-4302-07EE-56D88F3D26D4"/>
</associations>
</Column>
<Column name="ID_servicio" id="3A744886-74C1-2708-2B62-26091E350A47">
<createdBy>sebastianolaveyanez</createdBy>
<createdTime>2024-09-16 21:28:19 UTC</createdTime>
<generatorID>45CA0A35-DF52-1CA6-4388-57300ADD263C</generatorID>
<ownerDesignName>BBDD4Sumativa</ownerDesignName>
<useDomainConstraints>false</useDomainConstraints>
<use>1</use>
<logicalDatatype>LOGDT011</logicalDatatype>
<ownDataTypeParameters>,,</ownDataTypeParameters>
<autoIncrementCycle>false</autoIncrementCycle>
</Column>
<Column name="Tipo_servicio" id="02992013-1A92-5773-86C7-077952DB9FE1">
<createdBy>sebastianolaveyanez</createdBy>
<createdTime>2024-09-16 21:28:19 UTC</createdTime>
<generatorID>25B26FF4-AC80-A106-D8F9-90827BD01E51</generatorID>
<ownerDesignName>BBDD4Sumativa</ownerDesignName>
<useDomainConstraints>false</useDomainConstraints>
<use>1</use>
<logicalDatatype>LOGDT024</logicalDatatype>
<dataTypeSize>50 BYTE</dataTypeSize>
<ownDataTypeParameters>50 BYTE,,</ownDataTypeParameters>
<autoIncrementCycle>false</autoIncrementCycle>
</Column>
<Column name="Coste_mano_obra" id="721BF90B-9003-A5EE-626B-418E4820D48D">
<createdBy>sebastianolaveyanez</createdBy>
<createdTime>2024-09-16 21:28:19 UTC</createdTime>
<generatorID>65312292-796E-8EFA-5823-176F8FCE78F3</generatorID>
<ownerDesignName>BBDD4Sumativa</ownerDesignName>
<useDomainConstraints>false</useDomainConstraints>
<use>1</use>
<logicalDatatype>LOGDT011</logicalDatatype>
<ownDataTypeParameters>,,</ownDataTypeParameters>
<autoIncrementCycle>false</autoIncrementCycle>
</Column>
<Column name="ORDEN_TRABAJO_Numero_orden_trabajo" id="ADFF0F73-FFC4-6818-F3CB-355836EB061C">
<createdBy>sebastianolaveyanez</createdBy>
<createdTime>2024-09-16 21:28:19 UTC</createdTime>
<generatorID>9C837E87-9132-8431-2D95-ADA9F322043F</generatorID>
<ownerDesignName>BBDD4Sumativa</ownerDesignName>
<useDomainConstraints>false</useDomainConstraints>
<use>1</use>
<logicalDatatype>LOGDT011</logicalDatatype>
<ownDataTypeParameters>,,</ownDataTypeParameters>
<previousColumn>false</previousColumn>
<autoIncrementCycle>false</autoIncrementCycle>
<associations>
<colAssociation fkAssociation="742ED45F-FF47-A8E7-ACC8-4357AEC5C7A5" referredColumn="87F44F34-D1FE-4302-07EE-56D88F3D26D4"/>
</associations>
</Column>
</columns>
<indexes itemClass="oracle.dbtools.crest.model.design.relational.Index">
<ind_PK_UK id="C214BDFF-E705-25FB-9168-B0543C337084" name="DETALLE_SERVICIO_PK">
<createdBy>sebastianolaveyanez</createdBy>
<createdTime>2024-09-16 21:28:19 UTC</createdTime>
<generatorID>E874A04E-01DC-7A36-9083-8ACC3A4783F6</generatorID>
<ownerDesignName>BBDD4Sumativa</ownerDesignName>
<pk>true</pk>
<indexState>Primary Constraint</indexState>
<isSurrogateKey>false</isSurrogateKey>
<indexColumnUsage>
<colUsage columnID="3A98BF54-9495-13C8-77D7-C3EB1F7A7CBE"/>
</indexColumnUsage>
</ind_PK_UK>
<ind_PK_UK id="FE3EDF4D-4540-C0DC-E102-BF01C696B5ED" name="DETALLE_SERVICIO_PKv1">
<createdBy>sebastianolaveyanez</createdBy>
<createdTime>2024-09-16 21:28:19 UTC</createdTime>
<generatorID>E92FF152-3C82-A15A-7FF2-F49524F0B479</generatorID>
<ownerDesignName>BBDD4Sumativa</ownerDesignName>
<indexState>Unique Constraint</indexState>
<isSurrogateKey>false</isSurrogateKey>
<indexColumnUsage>
<colUsage columnID="3A744886-74C1-2708-2B62-26091E350A47"/>
<colUsage columnID="ADFF0F73-FFC4-6818-F3CB-355836EB061C"/>
</indexColumnUsage>
</ind_PK_UK>
<ind_PK_UK id="E95CF783-1F18-3A81-FE15-6E8506244E58" name="DETALLE_SERVICIO_ORDEN_TRABAJO_FK">
<createdBy>sebastianolaveyanez</createdBy>
<createdTime>2024-09-16 21:28:19 UTC</createdTime>
<generatorID>BAB0ED2B-13D0-8E54-E3BB-46F1BA387C58</generatorID>
<ownerDesignName>BBDD4Sumativa</ownerDesignName>
<indexState>Foreign Key</indexState>
<isSurrogateKey>false</isSurrogateKey>
<indexColumnUsage>
<colUsage columnID="3A98BF54-9495-13C8-77D7-C3EB1F7A7CBE"/>
</indexColumnUsage>
</ind_PK_UK>
<ind_PK_UK id="DD7C9409-4B3F-60C0-FEDE-5425177680AE" name="DETALLE_SERVICIO_ORDEN_TRABAJO_FKv2">
<createdBy>sebastianolaveyanez</createdBy>
<createdTime>2024-09-16 21:28:19 UTC</createdTime>
<generatorID>576D0885-F07F-43DB-8072-0D330CFCA200</generatorID>
<ownerDesignName>BBDD4Sumativa</ownerDesignName>
<indexState>Foreign Key</indexState>
<isSurrogateKey>false</isSurrogateKey>
<indexColumnUsage>
<colUsage columnID="ADFF0F73-FFC4-6818-F3CB-355836EB061C"/>
</indexColumnUsage>
</ind_PK_UK>
</indexes>
</Table>