<?xml version = '1.0' encoding = 'UTF-8'?>
<relationalModel class="oracle.dbtools.crest.model.design.relational.RelationalDesign" name="Relational_1" id="FD6830D3-FDE1-16EA-D4D5-141964D55949" mainViewID="F0F3DC3E-1720-6B5B-2484-4287A43222F4">
<createdBy>sebastianolaveyanez</createdBy>
<createdTime>2024-08-24 00:45:36 UTC</createdTime>
<ownerDesignName>BBDD1</ownerDesignName>
<shouldBeOpen>false</shouldBeOpen>
<selectedRDBMSSite>32076570-2523-435C-2E92-BF29817DFF70</selectedRDBMSSite>
</relationalModel>