<?xml version = '1.0' encoding = 'UTF-8'?>
<FKIndexAssociation class="oracle.dbtools.crest.model.design.relational.FKIndexAssociation" directorySegmentName="seg_0" id="2E9EF46D-1281-5EDB-CA55-086CB92AA758" containerWithKeyObject="5D477322-24BC-39B5-D15E-E87E03ADFF39" localFKIndex="7EC9CC79-42ED-6A19-1F6B-7FDBAB4B12CC" name="CLIENTE_ORDEN_ATENCION_FK">
<createdBy>sebastianolaveyanez</createdBy>
<createdTime>2024-09-09 01:56:55 UTC</createdTime>
<generatorID>7004D874-02E7-6CA2-D86C-034F43F3D955</generatorID>
<ownerDesignName>BBDD3</ownerDesignName>
<referredTableLongName>ORDEN_ATENCION</referredTableLongName>
<deleteRule>NO ACTION</deleteRule>
<referredTableID>9C608AB6-2D67-8F3C-2800-BFCE2559B555</referredTableID>
<keyObject>0237BE3F-2510-D70E-6E6E-59C6D8FBC4F6</keyObject>
<referredKeyID>0237BE3F-2510-D70E-6E6E-59C6D8FBC4F6</referredKeyID>
<mandatory>true</mandatory>
<refColNames>Numero_Orden_Atención</refColNames>
<transferable>true</transferable>
<rely>false</rely>
<columnDependencyConstraintGenerateInDDL>true</columnDependencyConstraintGenerateInDDL>
</FKIndexAssociation>