<?xml version = '1.0' encoding = 'UTF-8'?>
<FKIndexAssociation class="oracle.dbtools.crest.model.design.relational.FKIndexAssociation" directorySegmentName="seg_0" id="380F6648-1C04-F6EF-2659-3E481521C4E6" containerWithKeyObject="9C608AB6-2D67-8F3C-2800-BFCE2559B555" localFKIndex="CED94CB0-2CB6-F3E2-3C53-0A7D3B044879" name="ORDEN_ATENCION_SEGUIMIENTO_ORDEN_FK">
<createdBy>sebastianolaveyanez</createdBy>
<createdTime>2024-09-09 01:56:55 UTC</createdTime>
<generatorID>42FF04D7-3A55-A34B-7140-F80A2441E0CC</generatorID>
<ownerDesignName>BBDD3</ownerDesignName>
<referredTableLongName>SEGUIMIENTO_ORDEN</referredTableLongName>
<deleteRule>NO ACTION</deleteRule>
<referredTableID>867E8787-1053-394A-7D56-E14A9B37FB10</referredTableID>
<keyObject>AE097D3C-CBF1-0B84-054A-DDFCB21EA9EF</keyObject>
<referredKeyID>AE097D3C-CBF1-0B84-054A-DDFCB21EA9EF</referredKeyID>
<mandatory>true</mandatory>
<refColNames>ID_Seguimiento</refColNames>
<transferable>true</transferable>
<rely>false</rely>
<columnDependencyConstraintGenerateInDDL>true</columnDependencyConstraintGenerateInDDL>
</FKIndexAssociation>