<?xml version = '1.0' encoding = 'UTF-8'?>
<FKIndexAssociation class="oracle.dbtools.crest.model.design.relational.FKIndexAssociation" directorySegmentName="seg_0" id="4CB46ED8-5671-67DE-AA15-17A920E126C1" containerWithKeyObject="5D477322-24BC-39B5-D15E-E87E03ADFF39" localFKIndex="0A669633-E218-17C5-48A1-439D094CCE96" name="CLIENTE_DETALLE_CLIENTE_FK">
<createdBy>sebastianolaveyanez</createdBy>
<createdTime>2024-09-09 01:56:55 UTC</createdTime>
<generatorID>CCE77606-20BB-EAA9-638B-DCEDB46CD579</generatorID>
<ownerDesignName>BBDD3</ownerDesignName>
<referredTableLongName>DETALLE_CLIENTE</referredTableLongName>
<deleteRule>NO ACTION</deleteRule>
<referredTableID>D9163427-158F-4541-68C2-4D8726EEF953</referredTableID>
<keyObject>3FCEE803-D94A-91F8-8BD5-74415204E8EE</keyObject>
<referredKeyID>3FCEE803-D94A-91F8-8BD5-74415204E8EE</referredKeyID>
<mandatory>true</mandatory>
<refColNames>ID_Cliente</refColNames>
<transferable>true</transferable>
<rely>false</rely>
<columnDependencyConstraintGenerateInDDL>true</columnDependencyConstraintGenerateInDDL>
</FKIndexAssociation>