<?xml version = '1.0' encoding = 'UTF-8'?>
<FKIndexAssociation class="oracle.dbtools.crest.model.design.relational.FKIndexAssociation" directorySegmentName="seg_0" id="56D3FF58-A588-DB93-ACEA-148D3DCAA6F0" containerWithKeyObject="E5944124-4E89-E8C5-16EB-79F76709DA27" localFKIndex="C1E5F219-7B9D-BE97-55E0-4612E3C93293" name="ORDEN_TRABAJO_VEHICULO_FK">
<createdBy>sebastianolaveyanez</createdBy>
<createdTime>2024-09-09 01:56:55 UTC</createdTime>
<generatorID>A0C0CE36-1F70-76F1-E322-EBEE9B9619C2</generatorID>
<ownerDesignName>BBDD3</ownerDesignName>
<referredTableLongName>VEHICULO</referredTableLongName>
<deleteRule>NO ACTION</deleteRule>
<referredTableID>B762FB26-5C3E-83D8-C8D8-51386517C228</referredTableID>
<keyObject>8BB35C12-7043-D646-935B-71652A853265</keyObject>
<referredKeyID>8BB35C12-7043-D646-935B-71652A853265</referredKeyID>
<mandatory>true</mandatory>
<refColNames>Patente_Vehiculo</refColNames>
<transferable>true</transferable>
<rely>false</rely>
<columnDependencyConstraintGenerateInDDL>true</columnDependencyConstraintGenerateInDDL>
</FKIndexAssociation>