<?xml version = '1.0' encoding = 'UTF-8'?>
<FKIndexAssociation class="oracle.dbtools.crest.model.design.relational.FKIndexAssociation" directorySegmentName="seg_0" id="70B274C8-7B9A-BAB4-1E92-DF4F4B01DA66" containerWithKeyObject="E5944124-4E89-E8C5-16EB-79F76709DA27" localFKIndex="AA08CD48-5C77-2E57-7AAC-689FFA3D4C8F" name="ORDEN_TRABAJO_ORDEN_ATENCION_FK">
<createdBy>sebastianolaveyanez</createdBy>
<createdTime>2024-09-09 01:56:55 UTC</createdTime>
<generatorID>60E0DEA3-D702-D4B6-C3F9-59B6B18209AA</generatorID>
<ownerDesignName>BBDD3</ownerDesignName>
<referredTableLongName>ORDEN_ATENCION</referredTableLongName>
<deleteRule>NO ACTION</deleteRule>
<referredTableID>9C608AB6-2D67-8F3C-2800-BFCE2559B555</referredTableID>
<keyObject>0237BE3F-2510-D70E-6E6E-59C6D8FBC4F6</keyObject>
<referredKeyID>0237BE3F-2510-D70E-6E6E-59C6D8FBC4F6</referredKeyID>
<mandatory>true</mandatory>
<refColNames>Numero_Orden_Atención</refColNames>
<transferable>true</transferable>
<rely>false</rely>
<columnDependencyConstraintGenerateInDDL>true</columnDependencyConstraintGenerateInDDL>
</FKIndexAssociation>