<?xml version = '1.0' encoding = 'UTF-8'?>
<FKIndexAssociation class="oracle.dbtools.crest.model.design.relational.FKIndexAssociation" directorySegmentName="seg_0" id="72C10630-AAFE-634E-BDE5-6BA282FC7230" containerWithKeyObject="58E77DB2-CC4F-015E-0AD7-0059BC2AFA55" localFKIndex="2B06F05C-8D14-C77A-628D-8662899AEEFB" name="DETALLE_SERVICIO_ORDEN_TRABAJO_FK">
<createdBy>sebastianolaveyanez</createdBy>
<createdTime>2024-09-09 01:56:55 UTC</createdTime>
<generatorID>BCFA3B26-CEF7-2A56-48C8-B14315E47B9C</generatorID>
<ownerDesignName>BBDD3</ownerDesignName>
<referredTableLongName>ORDEN_TRABAJO</referredTableLongName>
<deleteRule>NO ACTION</deleteRule>
<referredTableID>E5944124-4E89-E8C5-16EB-79F76709DA27</referredTableID>
<keyObject>CB0E4CD9-1D32-FBC2-6525-70AE722EA309</keyObject>
<referredKeyID>CB0E4CD9-1D32-FBC2-6525-70AE722EA309</referredKeyID>
<mandatory>true</mandatory>
<refColNames>Numero_Orden_Trabajo</refColNames>
<transferable>true</transferable>
<rely>false</rely>
<columnDependencyConstraintGenerateInDDL>true</columnDependencyConstraintGenerateInDDL>
</FKIndexAssociation>