<?xml version = '1.0' encoding = 'UTF-8'?>
<FKIndexAssociation class="oracle.dbtools.crest.model.design.relational.FKIndexAssociation" directorySegmentName="seg_0" id="7635554D-F5B1-6CF2-60AF-3171C15FE24A" containerWithKeyObject="9C608AB6-2D67-8F3C-2800-BFCE2559B555" localFKIndex="C0E80F08-12BE-EAB2-AC81-0E134039B793" name="ORDEN_ATENCION_CLIENTE_FK">
<createdBy>sebastianolaveyanez</createdBy>
<createdTime>2024-09-09 01:56:55 UTC</createdTime>
<generatorID>7004D874-02E7-6CA2-D86C-034F43F3D955</generatorID>
<ownerDesignName>BBDD3</ownerDesignName>
<referredTableLongName>CLIENTE</referredTableLongName>
<deleteRule>NO ACTION</deleteRule>
<referredTableID>5D477322-24BC-39B5-D15E-E87E03ADFF39</referredTableID>
<keyObject>4BF96C01-3CF0-FA9C-E075-0FE3018C0235</keyObject>
<referredKeyID>4BF96C01-3CF0-FA9C-E075-0FE3018C0235</referredKeyID>
<mandatory>true</mandatory>
<refColNames>RUT_Cliente</refColNames>
<transferable>true</transferable>
<rely>false</rely>
<columnDependencyConstraintGenerateInDDL>true</columnDependencyConstraintGenerateInDDL>
</FKIndexAssociation>