<?xml version = '1.0' encoding = 'UTF-8'?>
<FKIndexAssociation class="oracle.dbtools.crest.model.design.relational.FKIndexAssociation" directorySegmentName="seg_0" id="8601EA44-B7FF-5B83-A96B-12D35EBDF891" containerWithKeyObject="867E8787-1053-394A-7D56-E14A9B37FB10" localFKIndex="79604EAC-BA61-7889-40CC-9565873F7F51" name="SEGUIMIENTO_ORDEN_ORDEN_ATENCION_FK">
<createdBy>sebastianolaveyanez</createdBy>
<createdTime>2024-09-09 01:56:55 UTC</createdTime>
<generatorID>42FF04D7-3A55-A34B-7140-F80A2441E0CC</generatorID>
<ownerDesignName>BBDD3</ownerDesignName>
<referredTableLongName>ORDEN_ATENCION</referredTableLongName>
<deleteRule>NO ACTION</deleteRule>
<referredTableID>9C608AB6-2D67-8F3C-2800-BFCE2559B555</referredTableID>
<keyObject>0237BE3F-2510-D70E-6E6E-59C6D8FBC4F6</keyObject>
<referredKeyID>0237BE3F-2510-D70E-6E6E-59C6D8FBC4F6</referredKeyID>
<mandatory>true</mandatory>
<refColNames>Numero_Orden_Atención</refColNames>
<transferable>true</transferable>
<rely>false</rely>
<columnDependencyConstraintGenerateInDDL>true</columnDependencyConstraintGenerateInDDL>
</FKIndexAssociation>