<?xml version = '1.0' encoding = 'UTF-8'?>
<FKIndexAssociation class="oracle.dbtools.crest.model.design.relational.FKIndexAssociation" directorySegmentName="seg_0" id="B3F21484-E1B2-E0DC-23C9-FDBEE626A570" containerWithKeyObject="B762FB26-5C3E-83D8-C8D8-51386517C228" localFKIndex="48572105-7AB3-AC66-EAB7-7843F81C9B54" name="VEHICULO_DETALLE_CLIENTE_FK">
<createdBy>sebastianolaveyanez</createdBy>
<createdTime>2024-09-09 01:56:55 UTC</createdTime>
<generatorID>0B4F0242-99D6-A87A-3DAB-72E886CD9610</generatorID>
<ownerDesignName>BBDD3</ownerDesignName>
<referredTableLongName>DETALLE_CLIENTE</referredTableLongName>
<deleteRule>NO ACTION</deleteRule>
<referredTableID>D9163427-158F-4541-68C2-4D8726EEF953</referredTableID>
<keyObject>3FCEE803-D94A-91F8-8BD5-74415204E8EE</keyObject>
<referredKeyID>3FCEE803-D94A-91F8-8BD5-74415204E8EE</referredKeyID>
<mandatory>true</mandatory>
<refColNames>ID_Cliente</refColNames>
<transferable>true</transferable>
<rely>false</rely>
<columnDependencyConstraintGenerateInDDL>true</columnDependencyConstraintGenerateInDDL>
</FKIndexAssociation>