<?xml version = '1.0' encoding = 'UTF-8'?>
<FKIndexAssociation class="oracle.dbtools.crest.model.design.relational.FKIndexAssociation" directorySegmentName="seg_0" id="B76CF37B-B269-2884-0B99-C8EDA8BE90CA" containerWithKeyObject="B762FB26-5C3E-83D8-C8D8-51386517C228" localFKIndex="67127010-540F-90D4-4E7C-7CEC7DBC3734" name="VEHICULO_ORDEN_TRABAJO_FK">
<createdBy>sebastianolaveyanez</createdBy>
<createdTime>2024-09-09 01:56:55 UTC</createdTime>
<generatorID>A0C0CE36-1F70-76F1-E322-EBEE9B9619C2</generatorID>
<ownerDesignName>BBDD3</ownerDesignName>
<referredTableLongName>ORDEN_TRABAJO</referredTableLongName>
<deleteRule>NO ACTION</deleteRule>
<referredTableID>E5944124-4E89-E8C5-16EB-79F76709DA27</referredTableID>
<keyObject>CB0E4CD9-1D32-FBC2-6525-70AE722EA309</keyObject>
<referredKeyID>CB0E4CD9-1D32-FBC2-6525-70AE722EA309</referredKeyID>
<mandatory>true</mandatory>
<refColNames>Numero_Orden_Trabajo</refColNames>
<transferable>true</transferable>
<rely>false</rely>
<columnDependencyConstraintGenerateInDDL>true</columnDependencyConstraintGenerateInDDL>
</FKIndexAssociation>