<?xml version = '1.0' encoding = 'UTF-8'?>
<FKIndexAssociation class="oracle.dbtools.crest.model.design.relational.FKIndexAssociation" directorySegmentName="seg_0" id="F4C13103-B895-05BF-7ECD-50DAB4E939CA" containerWithKeyObject="9C608AB6-2D67-8F3C-2800-BFCE2559B555" localFKIndex="462F475B-CA78-D727-7A1E-9351FEC42F30" name="ORDEN_ATENCION_ORDEN_TRABAJO_FK">
<createdBy>sebastianolaveyanez</createdBy>
<createdTime>2024-09-09 01:56:55 UTC</createdTime>
<generatorID>60E0DEA3-D702-D4B6-C3F9-59B6B18209AA</generatorID>
<ownerDesignName>BBDD3</ownerDesignName>
<referredTableLongName>ORDEN_TRABAJO</referredTableLongName>
<deleteRule>NO ACTION</deleteRule>
<referredTableID>E5944124-4E89-E8C5-16EB-79F76709DA27</referredTableID>
<keyObject>CB0E4CD9-1D32-FBC2-6525-70AE722EA309</keyObject>
<referredKeyID>CB0E4CD9-1D32-FBC2-6525-70AE722EA309</referredKeyID>
<mandatory>true</mandatory>
<refColNames>Numero_Orden_Trabajo</refColNames>
<transferable>true</transferable>
<rely>false</rely>
<columnDependencyConstraintGenerateInDDL>true</columnDependencyConstraintGenerateInDDL>
</FKIndexAssociation>