<?xml version = '1.0' encoding = 'UTF-8'?>
<FKIndexAssociation class="oracle.dbtools.crest.model.design.relational.FKIndexAssociation" directorySegmentName="seg_0" id="FFE7327A-3C60-C43B-CC6B-81A34E228CDF" containerWithKeyObject="D9163427-158F-4541-68C2-4D8726EEF953" localFKIndex="009AB756-E621-7CF7-7790-07D934DE0D23" name="DETALLE_CLIENTE_CLIENTE_FK">
<createdBy>sebastianolaveyanez</createdBy>
<createdTime>2024-09-09 01:56:55 UTC</createdTime>
<generatorID>CCE77606-20BB-EAA9-638B-DCEDB46CD579</generatorID>
<ownerDesignName>BBDD3</ownerDesignName>
<referredTableLongName>CLIENTE</referredTableLongName>
<deleteRule>NO ACTION</deleteRule>
<referredTableID>5D477322-24BC-39B5-D15E-E87E03ADFF39</referredTableID>
<keyObject>4BF96C01-3CF0-FA9C-E075-0FE3018C0235</keyObject>
<referredKeyID>4BF96C01-3CF0-FA9C-E075-0FE3018C0235</referredKeyID>
<mandatory>true</mandatory>
<refColNames>RUT_Cliente</refColNames>
<transferable>true</transferable>
<rely>false</rely>
<columnDependencyConstraintGenerateInDDL>true</columnDependencyConstraintGenerateInDDL>
</FKIndexAssociation>