<?xml version = '1.0' encoding = 'UTF-8'?>
<Diagram class="oracle.dbtools.crest.swingui.logical.DPVLogical" name="Logical" id="864E1705-C1B0-6B6B-8FB6-C3DB25CAB864">
<createdBy>sebastianolaveyanez</createdBy>
<modifiedBy>sebastianolaveyanez</modifiedBy>
<createdTime>2024-08-25 02:22:39 UTC</createdTime>
<autoRoute>false</autoRoute>
<boxInbox>true</boxInbox>
<showLegend>false</showLegend>
<showLabels>true</showLabels>
<showRelAttributes>false</showRelAttributes>
<gridEnabled>false</gridEnabled>
<showGrid>false</showGrid>
<diagramColor>-1</diagramColor>
<display>false</display>
<notation>1</notation>
<objectViews>
<OView class="oracle.dbtools.crest.swingui.logical.TVEntity" oid="B70D72AA-6CE2-442A-94C6-9C26225F8272" otype="Entity" vid="8E8A446B-F3F3-3BE3-2060-076014D5B32A">
<hideElementsInCurrentOnly>false</hideElementsInCurrentOnly>
<bounds x="817" y="134" width="170" height="110"/>
</OView>
<OView class="oracle.dbtools.crest.swingui.logical.TVEntity" oid="D7C1B0CB-D72F-5FC5-CD65-C7A1200B57E9" otype="Entity" vid="B41C0F29-9AF0-4EDD-3129-CDEDCA68CB40">
<hideElementsInCurrentOnly>false</hideElementsInCurrentOnly>
<bounds x="37" y="109" width="170" height="110"/>
</OView>
<OView class="oracle.dbtools.crest.swingui.logical.TVEntity" oid="E8DB9696-D437-D0A2-870B-E9F2F58E5593" otype="Entity" vid="C410A158-9619-C94D-E5FF-97C531B3F003">
<hideElementsInCurrentOnly>false</hideElementsInCurrentOnly>
<bounds x="411" y="138" width="195" height="104"/>
</OView>
</objectViews>
<connectors>
<Connector class="oracle.dbtools.crest.swingui.logical.TVRelation" oid="638410BB-0DB9-C3FA-EA95-F636F145ECF8" otype="Relation" vid_source="B41C0F29-9AF0-4EDD-3129-CDEDCA68CB40" vid_target="C410A158-9619-C94D-E5FF-97C531B3F003">
<hideElementsInCurrentOnly>false</hideElementsInCurrentOnly>
<backgroundColor>-16777216</backgroundColor>
<lineWidth>1</lineWidth>
<sourceLabel class="oracle.dbtools.crest.model.design.Label">
<site>0</site>
<labelBounds x="217" y="148" width="40" height="30"/>
<noBackgroundColor>true</noBackgroundColor>
<noForegroundColor>true</noForegroundColor>
</sourceLabel>
<targetLabel class="oracle.dbtools.crest.model.design.Label">
<site>2</site>
<labelBounds x="341" y="181" width="64" height="30"/>
<noBackgroundColor>true</noBackgroundColor>
<noForegroundColor>true</noForegroundColor>
</targetLabel>
<points>
<point x="207" y="178"/>
<point x="411" y="178"/>
</points>
</Connector>
<Connector class="oracle.dbtools.crest.swingui.logical.TVRelation" oid="D4802043-A725-D6AC-655E-8E87DDB6FDD2" otype="Relation" vid_source="C410A158-9619-C94D-E5FF-97C531B3F003" vid_target="8E8A446B-F3F3-3BE3-2060-076014D5B32A">
<hideElementsInCurrentOnly>false</hideElementsInCurrentOnly>
<backgroundColor>-16777216</backgroundColor>
<lineWidth>1</lineWidth>
<sourceLabel class="oracle.dbtools.crest.model.design.Label">
<site>0</site>
<labelBounds x="616" y="160" width="74" height="30"/>
<noBackgroundColor>true</noBackgroundColor>
<noForegroundColor>true</noForegroundColor>
</sourceLabel>
<targetLabel class="oracle.dbtools.crest.model.design.Label">
<site>2</site>
<labelBounds x="747" y="193" width="64" height="30"/>
<noBackgroundColor>true</noBackgroundColor>
<noForegroundColor>true</noForegroundColor>
</targetLabel>
<points>
<point x="606" y="190"/>
<point x="817" y="190"/>
</points>
</Connector>
</connectors>
</Diagram>